date,pm10,pm2_5,no2,dust,uv_index,aqi_index,temp,humidity,rain,wind
2026-02-28 22:00:00+00:00,132.9,123.7,52.4,1.0,0.0,89.08667,2.3,82.943344,0.0,6.090812
2026-02-28 23:00:00+00:00,104.7,91.3,35.9,1.0,0.0,89.590004,1.8,85.02129,0.0,6.6624317
2026-03-01 00:00:00+00:00,84.7,63.4,23.3,1.0,0.0,89.84333,0.7,87.1036,0.0,6.1094027
2026-03-01 01:00:00+00:00,64.2,56.7,19.7,1.0,0.0,89.65667,0.8,86.47807,0.0,6.618519
2026-03-01 02:00:00+00:00,55.3,52.4,16.3,1.0,0.0,89.25,1.35,83.43076,0.0,6.4924874
2026-03-01 03:00:00+00:00,42.9,41.2,13.6,1.0,0.0,88.97334,1.85,81.68418,0.0,6.989936
2026-03-01 04:00:00+00:00,34.5,30.1,11.8,1.0,0.0,88.64333,1.6,83.46181,0.0,7.841887
2026-03-01 05:00:00+00:00,29.5,27.0,11.7,1.0,0.0,88.2,1.95,82.898766,0.0,9.257321
2026-03-01 06:00:00+00:00,28.7,24.8,13.2,1.0,0.1,87.70333,2.85,77.47668,0.0,10.703569
2026-03-01 07:00:00+00:00,27.4,24.4,13.0,1.0,0.4,86.89667,4.5,73.91224,0.0,10.5234585
2026-03-01 08:00:00+00:00,27.7,24.4,11.5,1.0,0.8,85.97667,6.5,70.90542,0.0,9.56713
2026-03-01 09:00:00+00:00,27.2,22.5,9.3,1.0,1.3,85.22334,8.0,67.51124,0.0,9.779817
2026-03-01 10:00:00+00:00,26.9,20.6,9.6,1.0,1.6,84.88334,9.85,61.52363,0.0,10.8955765
2026-03-01 11:00:00+00:00,25.3,18.2,9.1,1.0,1.7,84.78667,11.35,57.679993,0.0,11.003581
2026-03-01 12:00:00+00:00,24.1,16.6,9.2,1.0,1.6,84.65667,13.25,53.294846,0.0,8.528657
2026-03-01 13:00:00+00:00,24.1,16.8,8.2,1.0,1.1,84.543335,13.55,52.631622,0.0,7.7420926
2026-03-01 14:00:00+00:00,24.9,17.6,10.1,1.0,0.55,84.403336,13.35,53.88529,0.0,7.0774574
2026-03-01 15:00:00+00:00,29.5,23.2,15.6,1.0,0.2,84.13334,12.25,64.285,0.0,3.8939953
2026-03-01 16:00:00+00:00,37.9,30.0,24.0,1.0,0.0,83.71667,9.7,69.31383,0.0,3.9477081
2026-03-01 17:00:00+00:00,77.7,52.5,37.4,1.0,0.0,83.19,7.85,74.775185,0.0,5.5916004
2026-03-01 18:00:00+00:00,107.3,73.1,43.2,1.0,0.0,82.5,8.3,74.3303,0.0,5.904439
2026-03-01 19:00:00+00:00,132.3,91.1,42.6,1.0,0.0,81.58,8.25,77.511665,0.0,4.379589
2026-03-01 20:00:00+00:00,120.2,109.0,44.1,1.0,0.0,80.5,7.45,77.93044,0.0,2.5772078
2026-03-01 21:00:00+00:00,139.8,123.4,47.5,1.0,0.0,79.58667,7.3,78.73306,0.0,2.0124612
2026-03-01 22:00:00+00:00,144.2,128.6,46.3,1.0,0.0,79.13333,7.0,77.04006,0.0,1.4058449
2026-03-01 23:00:00+00:00,125.9,109.7,40.0,0.0,0.0,79.29666,6.65,72.47078,0.0,6.9480934
2026-03-02 00:00:00+00:00,59.2,56.2,22.4,0.0,0.0,79.909996,5.2,85.39917,0.0,5.0432134
2026-03-02 01:00:00+00:00,44.2,36.9,17.5,0.0,0.0,79.67,5.1,87.528984,0.2,0.25455844
2026-03-02 02:00:00+00:00,31.0,29.2,20.2,0.0,0.0,79.01,4.7,89.36908,0.5,0.76367533
2026-03-02 03:00:00+00:00,44.6,41.7,24.3,0.0,0.0,78.236664,4.0,93.195114,0.3,4.8899083
2026-03-02 04:00:00+00:00,52.1,51.0,27.3,0.0,0.0,78.253334,3.4,94.49633,0.0,3.644722
2026-03-02 05:00:00+00:00,57.6,52.8,30.3,0.0,0.0,78.95,3.2,94.487625,0.0,1.5379207
2026-03-02 06:00:00+00:00,56.3,51.0,35.4,0.0,0.1,79.81,3.05,96.17603,0.0,1.1525624
2026-03-02 07:00:00+00:00,71.9,58.3,36.8,0.0,0.4,80.683334,3.85,92.85754,0.0,2.1749482
2026-03-02 08:00:00+00:00,55.4,47.8,35.0,0.0,0.85,81.81334,6.15,87.62745,0.0,0.9
2026-03-02 09:00:00+00:00,33.4,30.5,26.2,0.0,1.4,82.593346,7.6,79.05501,0.0,1.0495713
2026-03-02 10:00:00+00:00,23.3,20.5,18.1,0.0,1.65,82.860016,8.8,66.49509,0.0,3.710795
2026-03-02 11:00:00+00:00,20.2,14.5,15.0,0.0,1.7,82.856674,9.6,58.058052,0.0,4.8466477
2026-03-02 12:00:00+00:00,17.4,13.0,11.5,1.0,1.5,82.733345,9.75,55.65404,0.0,3.219938
2026-03-02 13:00:00+00:00,16.0,11.3,11.5,0.0,1.1,82.61334,9.9,55.494152,0.0,2.3469126
2026-03-02 14:00:00+00:00,15.6,11.6,15.4,1.0,0.6,82.43001,9.85,54.690224,0.0,3.494968
2026-03-02 15:00:00+00:00,19.1,14.6,22.0,1.0,0.25,82.23,9.3,57.774364,0.0,4.3349743
2026-03-02 16:00:00+00:00,33.5,25.8,44.3,1.0,0.0,81.943344,6.7,70.18804,0.0,4.198285
2026-03-02 17:00:00+00:00,65.9,49.6,63.0,1.0,0.0,81.803345,5.55,70.208626,0.0,5.1575575
2026-03-02 18:00:00+00:00,99.7,76.1,68.1,1.0,0.0,81.706665,5.0,71.89667,0.0,5.896202
2026-03-02 19:00:00+00:00,111.6,101.4,61.6,0.0,0.0,81.80667,3.8,75.13788,0.0,4.5
2026-03-02 20:00:00+00:00,122.0,112.1,63.8,0.0,0.0,82.15,2.4,78.54434,0.0,2.5455842
2026-03-02 21:00:00+00:00,142.5,133.1,60.7,0.0,0.0,82.253334,1.0,83.08155,0.0,2.0124612
2026-03-02 22:00:00+00:00,104.3,97.2,60.5,0.0,0.0,82.57666,0.0,86.07696,0.0,1.8792552
2026-03-02 23:00:00+00:00,103.1,94.9,57.9,0.0,0.0,81.52999,-0.55,87.62469,0.0,1.5484185
2026-03-03 00:00:00+00:00,102.6,95.0,48.2,0.0,0.0,81.03667,-1.35,89.855064,0.0,2.3469129
2026-03-03 01:00:00+00:00,105.7,93.3,49.8,0.0,0.0,82.33,-1.85,90.824135,0.0,2.6999998
2026-03-03 02:00:00+00:00,93.1,75.7,42.7,0.0,0.0,84.20999,-2.0,90.81322,0.0,1.3104197
2026-03-03 03:00:00+00:00,70.5,57.4,36.5,0.0,0.0,85.76,-1.85,90.824135,0.0,2.0124612
2026-03-03 04:00:00+00:00,59.7,48.7,34.0,0.0,0.0,86.28333,-2.0,90.81322,0.0,2.36753
2026-03-03 05:00:00+00:00,54.8,44.5,38.6,0.0,0.0,86.206665,-2.0,90.47537,0.0,3.01735
2026-03-03 06:00:00+00:00,60.6,53.3,45.3,0.0,0.1,85.93001,-1.1,87.89758,0.0,6.8423676
2026-03-03 07:00:00+00:00,74.4,69.1,39.8,0.0,0.4,86.00667,1.25,77.21535,0.0,3.9518096
2026-03-03 08:00:00+00:00,74.0,69.3,34.1,0.0,0.9,86.36666,4.95,61.67377,0.0,2.19718
2026-03-03 09:00:00+00:00,63.3,56.0,33.0,0.0,1.5,87.08333,8.0,49.815075,0.0,0.17999999
2026-03-03 10:00:00+00:00,39.4,32.7,34.6,0.0,1.95,87.933334,10.1,41.673656,0.0,2.0523157
2026-03-03 11:00:00+00:00,29.3,23.7,25.4,0.0,2.05,88.34,11.2,35.95991,0.0,3.8521678
2026-03-03 12:00:00+00:00,24.4,19.2,22.5,0.0,1.85,88.64666,12.3,37.64976,0.0,4.863332
2026-03-03 13:00:00+00:00,20.2,15.8,19.6,0.0,1.3,88.85333,12.35,37.38848,0.0,3.8521678
2026-03-03 14:00:00+00:00,20.8,16.1,24.1,0.0,0.7,89.003334,12.2,39.315174,0.0,2.4482646
2026-03-03 15:00:00+00:00,26.7,19.5,35.3,0.0,0.25,89.15333,11.05,50.84947,0.0,0.56920993
2026-03-03 16:00:00+00:00,40.4,31.1,50.2,0.0,0.05,89.316666,8.0,53.801426,0.0,2.8856194
2026-03-03 17:00:00+00:00,67.5,50.7,78.4,0.0,0.0,89.49333,5.85,58.797928,0.0,3.6179552
2026-03-03 18:00:00+00:00,99.5,75.8,77.5,0.0,0.0,89.53,5.3,60.634983,0.0,4.5891175
2026-03-03 19:00:00+00:00,126.9,97.9,70.6,0.0,0.0,89.52,4.3,68.189095,0.0,5.297018
2026-03-03 20:00:00+00:00,147.2,134.4,67.5,0.0,0.0,89.403336,2.6,76.87198,0.0,4.2671766
2026-03-03 21:00:00+00:00,165.3,152.6,71.1,0.0,0.0,90.14667,1.5,82.23693,0.0,4.6938257
2026-03-03 22:00:00+00:00,133.3,127.6,54.4,0.0,0.0,90.79667,0.85,83.36844,0.0,4.5820518
2026-03-03 23:00:00+00:00,116.2,109.8,50.6,0.0,0.0,91.810005,1.0,81.86895,0.0,5.257109
2026-03-04 00:00:00+00:00,99.2,92.7,38.5,0.0,0.0,92.30666,1.4,78.67721,0.0,6.1094027
2026-03-04 01:00:00+00:00,98.1,86.6,31.9,1.0,0.0,92.229996,1.4,81.324036,0.0,6.4924874
2026-03-04 02:00:00+00:00,81.4,70.7,23.2,1.0,0.0,92.00667,1.0,83.693794,0.0,6.7565966
2026-03-04 03:00:00+00:00,69.1,58.9,17.8,1.0,0.0,91.84,0.9,83.06885,0.0,7.029225
2026-03-04 04:00:00+00:00,61.7,54.6,18.8,1.0,0.0,91.88999,0.95,82.77047,0.0,8.067936
2026-03-04 05:00:00+00:00,60.8,55.8,21.9,2.0,0.0,92.086655,1.05,83.08789,0.0,8.53815
2026-03-04 06:00:00+00:00,65.3,55.8,28.5,2.0,0.1,92.46334,1.15,82.19055,0.0,9.847496
2026-03-04 07:00:00+00:00,58.4,47.4,29.5,2.0,0.4,92.54668,3.4,71.848015,0.0,10.6261
2026-03-04 08:00:00+00:00,50.5,41.6,24.5,2.0,0.9,91.82333,6.35,61.116455,0.0,8.863972
2026-03-04 09:00:00+00:00,45.2,37.3,18.8,2.0,1.45,90.9,9.45,53.996513,0.0,9.3669195
2026-03-04 10:00:00+00:00,41.7,34.2,15.0,2.0,1.8,90.27667,12.05,50.40129,0.0,12.093534
2026-03-04 11:00:00+00:00,37.4,28.9,8.8,2.0,1.8,90.326675,13.2,51.98568,0.0,13.917154
2026-03-04 12:00:00+00:00,34.3,24.1,5.7,2.0,1.6,90.5,14.0,49.69878,0.0,14.690691
2026-03-04 13:00:00+00:00,32.8,23.1,6.8,2.0,1.1,90.66334,13.8,49.99464,0.0,14.297258
2026-03-04 14:00:00+00:00,35.8,24.3,10.9,2.0,0.6,90.90667,13.4,53.334824,0.0,11.928989
2026-03-04 15:00:00+00:00,35.6,28.3,19.4,3.0,0.25,91.18,12.15,60.153427,0.0,9.224011
2026-03-04 16:00:00+00:00,39.4,31.6,31.0,3.0,0.05,91.47333,9.7,69.31383,0.0,9.600937
2026-03-04 17:00:00+00:00,55.2,44.6,40.8,2.0,0.0,91.490005,7.75,74.232704,0.0,9.926147
2026-03-04 18:00:00+00:00,58.8,50.2,49.3,2.0,0.0,91.28667,7.65,68.89333,0.0,9.292254
2026-03-04 19:00:00+00:00,72.9,62.3,48.5,1.0,0.0,90.433334,6.6,71.94604,0.0,6.9480934
2026-03-04 20:00:00+00:00,84.5,73.6,43.4,1.0,0.0,89.246666,5.25,77.58278,0.0,4.5891175
2026-03-04 21:00:00+00:00,94.8,84.8,42.2,1.0,0.0,87.22,4.5,80.29541,0.0,4.1085763
2026-03-04 22:00:00+00:00,90.8,87.1,40.5,1.0,0.0,84.95999,3.7,83.11998,0.0,6.193674
2026-03-04 23:00:00+00:00,77.8,72.5,39.1,1.0,0.0,83.61,2.85,87.6287,0.0,8.55142
2026-03-05 00:00:00+00:00,72.5,69.2,34.2,0.0,0.0,82.36667,1.65,89.76471,0.0,8.171683
2026-03-05 01:00:00+00:00,64.9,62.0,31.3,0.0,0.0,81.58333,0.85,92.35091,0.0,7.9138603
2026-03-05 02:00:00+00:00,64.2,57.2,27.6,0.0,0.0,80.76333,0.2,93.32805,0.0,8.452336
2026-03-05 03:00:00+00:00,61.4,58.1,26.4,0.0,0.0,80.31333,-0.35,94.32961,0.0,9.511088
2026-03-05 04:00:00+00:00,62.3,59.0,30.2,0.0,0.0,80.28667,-0.6,94.66476,0.0,9.83268
2026-03-05 05:00:00+00:00,66.6,59.1,34.2,0.0,0.0,80.433334,-0.9,94.65188,0.0,10.094454
2026-03-05 06:00:00+00:00,67.7,57.4,35.1,0.0,0.15,80.54333,-0.65,95.359344,0.0,10.30883
2026-03-05 07:00:00+00:00,64.4,55.6,32.7,0.0,0.45,80.596664,1.1,91.69831,0.0,10.144082
2026-03-05 08:00:00+00:00,52.8,41.0,28.1,0.0,1.0,80.869995,3.15,83.95457,0.0,8.863972
2026-03-05 09:00:00+00:00,40.6,31.6,19.4,0.0,1.6,80.85,5.45,71.20919,0.0,9.3962755
2026-03-05 10:00:00+00:00,31.0,23.3,14.8,0.0,2.05,80.66,7.15,62.43033,0.0,9.255571
2026-03-05 11:00:00+00:00,26.1,17.4,13.0,0.0,2.2,80.29667,8.35,55.284645,0.0,7.613382
2026-03-05 12:00:00+00:00,22.8,14.3,11.5,0.0,1.9,79.91334,9.85,48.18568,0.0,5.4119864
2026-03-05 13:00:00+00:00,21.1,13.2,12.5,0.0,1.35,79.58667,10.4,47.299694,0.0,4.5536795
2026-03-05 14:00:00+00:00,20.4,14.4,14.2,0.0,0.75,79.25667,10.55,46.32077,0.0,4.2021422
2026-03-05 15:00:00+00:00,21.3,14.7,21.4,0.0,0.25,78.92667,10.2,51.909008,0.0,2.5264204
2026-03-05 16:00:00+00:00,37.6,27.3,44.1,0.0,0.05,78.47333,8.1,59.580585,0.0,1.8
2026-03-05 17:00:00+00:00,56.7,42.4,66.1,0.0,0.0,78.33,6.25,60.869526,0.0,0.9693296
2026-03-05 18:00:00+00:00,81.7,61.9,75.1,0.0,0.0,78.25667,5.4,59.99439,0.0,3.494968
2026-03-05 19:00:00+00:00,103.3,88.2,72.7,0.0,0.0,78.64667,4.8,63.711624,0.0,1.484318
2026-03-05 20:00:00+00:00,139.2,125.1,69.2,0.0,0.0,79.509995,3.7,66.08523,0.0,2.1674871
2026-03-05 21:00:00+00:00,139.9,133.3,65.0,0.0,0.0,81.22667,2.45,68.54994,0.0,1.9881649
2026-03-05 22:00:00+00:00,143.1,128.1,64.2,0.0,0.0,82.84333,1.4,70.66083,0.0,0.35999998
2026-03-05 23:00:00+00:00,142.5,115.7,67.0,0.0,0.0,84.21001,0.35,74.243996,0.0,0.742159
2026-03-06 00:00:00+00:00,140.6,115.5,58.6,0.0,0.0,85.649994,-1.45,84.96368,0.0,2.0523157
2026-03-06 01:00:00+00:00,137.8,115.8,53.1,0.0,0.0,87.19334,-1.55,85.27044,0.0,2.5959969
2026-03-06 02:00:00+00:00,121.2,109.9,40.5,0.0,0.0,88.986664,-2.0,87.812485,0.0,2.5582807
2026-03-06 03:00:00+00:00,100.5,88.8,35.9,0.0,0.0,90.74333,-2.0,87.157745,0.0,3.319036
2026-03-06 04:00:00+00:00,85.9,74.6,32.6,0.0,0.0,91.76667,-1.8,85.562065,0.0,3.563818
2026-03-06 05:00:00+00:00,84.0,72.4,33.8,0.0,0.0,92.28667,-1.9,85.55095,0.0,3.319036
2026-03-06 06:00:00+00:00,89.7,76.6,43.2,0.0,0.15,92.729996,-0.9,81.30534,0.0,3.572898
2026-03-06 07:00:00+00:00,81.0,76.4,40.7,0.0,0.5,93.369995,1.85,66.40789,0.0,4.5536795
2026-03-06 08:00:00+00:00,79.1,75.0,36.0,0.0,1.1,94.06334,4.65,54.493423,0.0,3.604497
2026-03-06 09:00:00+00:00,70.6,57.9,32.0,0.0,1.75,95.19668,7.25,45.362617,0.0,4.7827187
2026-03-06 10:00:00+00:00,40.5,33.6,23.7,0.0,2.2,96.07333,9.55,35.735497,0.0,6.5248446
2026-03-06 11:00:00+00:00,31.2,25.9,19.6,0.0,2.3,96.416664,10.95,32.058056,0.0,6.5248446
2026-03-06 12:00:00+00:00,23.7,19.5,15.4,0.0,2.05,96.7,12.15,34.794403,0.0,6.090812
2026-03-06 13:00:00+00:00,20.5,15.7,14.3,0.0,1.4,96.87333,12.25,35.872112,0.0,6.3639607
2026-03-06 14:00:00+00:00,20.8,16.1,16.0,0.0,0.75,96.95667,11.95,37.96354,0.0,6.5520988
2026-03-06 15:00:00+00:00,24.6,19.7,21.7,0.0,0.3,97.013336,10.45,48.884453,0.0,5.896202
2026-03-06 16:00:00+00:00,33.7,25.9,36.6,0.0,0.05,97.18001,7.75,57.168358,0.0,6.8423676
2026-03-06 17:00:00+00:00,53.5,41.8,55.3,0.0,0.0,97.13333,5.2,64.03922,0.0,6.9899354
2026-03-06 18:00:00+00:00,78.0,59.3,60.6,0.0,0.0,97.113335,5.05,62.153366,0.0,7.327127
2026-03-06 19:00:00+00:00,96.4,77.0,59.2,0.0,0.0,97.026665,4.65,66.29764,0.0,6.2067385
2026-03-06 20:00:00+00:00,109.8,95.8,60.0,0.0,0.0,96.65333,3.35,68.48832,0.0,5.4656014
2026-03-06 21:00:00+00:00,118.6,105.7,62.2,0.0,0.0,95.67667,1.95,71.56386,0.0,4.5
2026-03-06 22:00:00+00:00,124.6,112.5,57.8,0.0,0.0,94.75667,0.95,73.52788,0.0,3.8773184
2026-03-06 23:00:00+00:00,118.8,110.0,54.7,0.0,0.0,94.236664,0.2,75.61729,0.0,3.8773184
2026-03-07 00:00:00+00:00,106.1,99.0,48.1,0.0,0.0,94.04667,-0.3,75.81332,0.0,4.1125174
2026-03-07 01:00:00+00:00,101.5,95.1,43.5,0.0,0.0,93.496666,-0.9,79.20196,0.0,4.5891175
2026-03-07 02:00:00+00:00,95.6,88.9,36.9,0.0,0.0,92.80666,-1.3,80.945,0.0,2.19718
2026-03-07 03:00:00+00:00,91.0,79.4,33.8,0.0,0.0,92.10667,-1.5,81.83366,0.0,2.1749482
2026-03-07 04:00:00+00:00,92.2,77.5,31.8,0.0,0.0,91.79333,-2.0,84.26474,0.0,1.9469976
2026-03-07 05:00:00+00:00,96.8,78.8,34.8,0.0,0.0,91.89,-2.55,87.10269,0.0,1.659518
2026-03-07 06:00:00+00:00,100.2,81.6,36.9,0.0,0.15,92.10334,-2.1,85.52868,0.0,2.4149535
2026-03-07 07:00:00+00:00,102.5,93.6,29.6,0.0,0.55,92.270004,1.0,69.01125,0.0,2.19718
2026-03-07 08:00:00+00:00,97.8,86.2,22.3,0.0,1.1,92.84333,4.4,54.018757,0.0,3.0652893
2026-03-07 09:00:00+00:00,82.2,73.2,20.2,0.0,1.75,93.21667,7.0,45.11973,0.0,3.6
2026-03-07 10:00:00+00:00,50.3,43.2,17.9,0.0,2.2,93.72666,9.4,37.20281,0.0,4.198285
2026-03-07 11:00:00+00:00,43.6,37.0,18.2,0.0,2.3,94.04666,11.0,35.900265,0.0,5.2478566
2026-03-07 12:00:00+00:00,39.5,31.4,16.4,0.0,1.95,94.416664,12.6,37.325207,0.0,7.0911775
2026-03-07 13:00:00+00:00,34.0,27.1,13.8,0.0,1.4,94.813324,12.8,37.797832,0.0,7.353611
2026-03-07 14:00:00+00:00,31.0,26.1,14.3,0.0,0.75,95.19333,12.55,37.86255,0.0,7.458606
2026-03-07 15:00:00+00:00,31.2,26.3,17.1,0.0,0.3,95.526665,11.15,48.204716,0.0,6.0908127
2026-03-07 16:00:00+00:00,37.4,30.6,22.0,0.0,0.05,95.74666,8.25,57.29767,0.0,6.725354
2026-03-07 17:00:00+00:00,63.0,48.1,32.2,0.0,0.0,95.90333,5.4,63.619267,0.0,6.9550843
2026-03-07 18:00:00+00:00,82.0,62.9,32.6,0.0,0.0,96.11332,5.0,63.9926,0.0,6.8138976
2026-03-07 19:00:00+00:00,96.2,76.6,37.9,0.0,0.0,96.23333,5.0,66.133675,0.0,6.0908127
2026-03-07 20:00:00+00:00,107.2,89.4,42.2,0.0,0.0,96.22,3.65,70.85243,0.0,5.7628117
2026-03-07 21:00:00+00:00,116.6,94.0,42.7,0.0,0.0,96.00666,2.55,73.55376,0.0,5.7852573
2026-03-07 22:00:00+00:00,108.8,98.7,42.6,0.0,0.0,95.61667,1.6,75.58112,0.0,5.0432134
2026-03-07 23:00:00+00:00,100.0,90.7,37.1,0.0,0.0,95.15667,1.15,75.78289,0.0,3.96
2026-03-08 00:00:00+00:00,85.6,79.7,36.7,0.0,0.0,94.51333,0.5,77.666626,0.0,4.73506
2026-03-08 01:00:00+00:00,82.0,74.4,33.6,0.0,0.0,93.869995,0.2,79.66526,0.0,5.4744864
2026-03-08 02:00:00+00:00,78.2,71.4,22.8,0.0,0.0,93.18,-0.35,81.382,0.0,5.4119864
2026-03-08 03:00:00+00:00,76.5,70.6,20.3,0.0,0.0,92.596664,-0.65,82.25525,0.0,5.2200003
2026-03-08 04:00:00+00:00,77.7,72.5,20.9,0.0,0.0,92.30332,-0.9,82.529434,0.0,5.7628117
2026-03-08 05:00:00+00:00,83.8,79.0,22.5,0.0,0.0,92.13667,-1.1,82.812065,0.0,7.2202215
2026-03-08 06:00:00+00:00,91.6,86.9,25.4,0.0,0.15,92.143326,-1.0,83.13484,0.0,8.461914
2026-03-08 07:00:00+00:00,78.9,72.6,20.7,0.0,0.45,92.32001,0.9,70.823784,0.0,7.0568266
2026-03-08 08:00:00+00:00,70.5,63.7,17.1,0.0,0.95,91.62001,3.4,59.045933,0.0,7.293888
2026-03-08 09:00:00+00:00,61.3,54.9,14.2,0.0,1.45,90.869995,6.3,47.34281,0.0,8.297589
2026-03-08 10:00:00+00:00,45.9,39.8,11.4,0.0,1.85,90.26,8.9,38.91366,0.0,10.385547
2026-03-08 11:00:00+00:00,37.6,32.2,10.0,0.0,1.9,90.146675,10.5,36.56341,0.0,12.703715
2026-03-08 12:00:00+00:00,27.9,24.8,8.0,0.0,1.65,89.986664,11.75,36.392685,0.0,14.145756
2026-03-08 13:00:00+00:00,26.1,22.5,8.0,0.0,1.15,89.76668,11.7,38.029457,0.0,14.799459
2026-03-08 14:00:00+00:00,26.8,21.4,8.2,0.0,0.6,89.613335,11.2,42.30669,0.0,13.609951
2026-03-08 15:00:00+00:00,30.0,21.4,10.7,0.0,0.25,89.45667,9.8,47.128002,0.0,12.708816
2026-03-08 16:00:00+00:00,32.0,26.6,12.2,0.0,0.05,89.293335,7.6,53.106056,0.0,12.399113
2026-03-08 17:00:00+00:00,36.1,30.4,16.0,0.0,0.0,89.16,5.4,60.437244,0.0,13.14
2026-03-08 18:00:00+00:00,44.3,38.2,19.5,0.0,0.0,88.57001,4.9,64.913574,0.0,12.549757
2026-03-08 19:00:00+00:00,51.7,45.1,23.1,0.0,0.0,87.746666,4.1,70.68388,0.0,10.272623
2026-03-08 20:00:00+00:00,58.1,51.6,24.4,0.0,0.0,86.69666,3.25,73.68323,0.0,9.906544
2026-03-08 21:00:00+00:00,60.4,54.2,25.1,0.0,0.0,85.43667,2.65,74.93495,0.0,9.743305
2026-03-08 22:00:00+00:00,60.2,55.7,24.0,0.0,0.0,84.10999,2.1,76.22663,0.0,8.297589
2026-03-08 23:00:00+00:00,52.0,49.3,20.0,0.0,0.0,82.67666,1.3,78.083595,0.0,6.601363
2026-03-09 00:00:00+00:00,50.9,49.8,19.1,0.0,0.0,81.29666,0.6,80.91336,0.0,6.1437774
2026-03-09 01:00:00+00:00,51.6,49.7,18.4,0.0,0.0,80.299995,0.35,82.083885,0.0,5.6262593
2026-03-09 02:00:00+00:00,50.9,46.0,19.6,0.0,0.0,79.47667,-0.65,86.32681,0.0,4.896529
2026-03-09 03:00:00+00:00,49.0,41.1,22.5,0.0,0.0,78.63,-1.35,89.19035,0.0,4.1125174
2026-03-09 04:00:00+00:00,47.7,41.0,23.3,0.0,0.0,77.64667,-1.65,89.83109,0.0,3.148714
2026-03-09 05:00:00+00:00,48.6,43.9,28.9,0.0,0.0,76.59667,-1.85,90.150314,0.0,2.0523157
2026-03-09 06:00:00+00:00,50.0,42.7,34.8,0.0,0.15,75.42667,-0.75,86.316284,0.0,2.8460498
2026-03-09 07:00:00+00:00,51.0,44.8,39.8,0.0,0.55,73.95333,2.15,70.02919,0.0,1.8
2026-03-09 08:00:00+00:00,51.3,43.7,35.1,0.0,1.15,73.026665,6.2,53.70767,0.0,2.9522195
2026-03-09 09:00:00+00:00,46.9,39.7,30.3,0.0,1.8,72.36,9.25,43.309685,0.0,4.4274144
2026-03-09 10:00:00+00:00,34.5,28.7,23.5,0.0,2.3,71.85334,11.85,35.35701,0.0,4.7657523
2026-03-09 11:00:00+00:00,26.9,22.4,19.0,1.0,2.35,71.48334,13.25,36.97262,0.0,6.5049515
2026-03-09 12:00:00+00:00,21.2,18.9,15.5,1.0,2.0,71.15667,14.5,34.847836,0.0,7.754637
2026-03-09 13:00:00+00:00,17.9,15.8,13.3,1.0,1.45,70.96,14.9,34.459747,0.0,6.9899354
2026-03-09 14:00:00+00:00,23.1,18.0,19.7,1.0,0.8,70.73667,14.95,39.1281,0.0,3.8856654
2026-03-09 15:00:00+00:00,26.1,19.9,25.7,1.0,0.3,70.62334,13.75,53.991016,0.0,2.50064
2026-03-09 16:00:00+00:00,32.1,27.1,34.8,0.0,0.05,70.57334,10.7,56.301792,0.0,2.1674871
2026-03-09 17:00:00+00:00,62.5,52.8,47.3,1.0,0.0,70.59,7.55,64.34976,0.0,5.2939587
2026-03-09 18:00:00+00:00,93.5,73.4,62.3,1.0,0.0,71.33666,6.9,62.370678,0.0,7.748368
2026-03-09 19:00:00+00:00,117.3,90.4,68.9,1.0,0.0,72.51,7.0,57.81172,0.0,10.5234585
2026-03-09 20:00:00+00:00,116.9,90.7,52.0,1.0,0.0,74.020004,6.5,55.399326,0.0,10.8029995
2026-03-09 21:00:00+00:00,98.4,76.6,42.3,1.0,0.0,75.32334,5.5,61.58146,0.0,7.029225
2026-03-09 22:00:00+00:00,69.1,62.8,34.2,1.0,0.0,76.07001,4.45,64.09939,0.0,3.8141315
2026-03-09 23:00:00+00:00,54.2,47.6,29.7,1.0,0.0,76.30668,3.8,66.596466,0.0,2.8174455
2026-03-10 00:00:00+00:00,48.5,45.9,29.4,0.0,0.0,76.25,3.45,64.340416,0.0,3.7064266
2026-03-10 01:00:00+00:00,46.4,39.7,22.0,0.0,0.0,76.12,3.9,63.734737,0.0,1.659518
2026-03-10 02:00:00+00:00,39.6,31.3,18.4,0.0,0.0,75.78667,3.65,66.074005,0.0,2.19718
2026-03-10 03:00:00+00:00,34.2,24.6,13.8,1.0,0.0,75.29667,2.8,69.90398,0.0,3.0811036
2026-03-10 04:00:00+00:00,26.0,22.2,14.8,1.0,0.0,74.746666,2.7,72.50763,0.0,7.3094187
2026-03-10 05:00:00+00:00,28.2,23.3,20.8,1.0,0.0,74.119995,1.75,77.29747,0.0,8.461915
2026-03-10 06:00:00+00:00,33.5,21.2,31.1,1.0,0.15,73.433334,2.45,74.07821,0.0,7.3997297
2026-03-10 07:00:00+00:00,36.4,23.8,36.6,1.0,0.5,72.71667,5.4,58.899837,0.0,7.5942082
2026-03-10 08:00:00+00:00,32.3,23.2,35.7,1.0,1.1,72.01667,9.1,45.564857,0.0,6.889557
2026-03-10 09:00:00+00:00,19.4,12.8,15.3,1.0,1.75,71.33333,11.85,37.65498,0.0,6.7205353
2026-03-10 10:00:00+00:00,15.7,9.9,7.4,1.0,2.2,70.43666,13.1,41.341625,0.0,6.522361
2026-03-10 11:00:00+00:00,15.2,9.6,5.9,1.0,2.3,69.81,14.8,39.22497,0.0,8.083983
2026-03-10 12:00:00+00:00,16.5,10.6,4.0,1.0,1.65,69.38333,15.95,30.833763,0.0,9.085988
2026-03-10 13:00:00+00:00,16.8,11.0,4.5,1.0,1.15,69.10667,15.75,33.71673,0.0,13.666967
2026-03-10 14:00:00+00:00,18.8,11.7,6.4,2.0,0.6,68.94667,15.6,38.071625,0.0,8.9873905
2026-03-10 15:00:00+00:00,23.3,19.4,12.5,2.0,0.25,68.736664,13.75,49.454967,0.0,5.8852015
2026-03-10 16:00:00+00:00,27.5,22.1,20.5,2.0,0.05,68.72,11.15,56.41827,0.0,6.3639607
2026-03-10 17:00:00+00:00,44.3,37.3,27.5,2.0,0.0,68.55333,9.15,60.055637,0.0,10.004178
2026-03-10 18:00:00+00:00,47.9,41.1,25.6,2.0,0.0,68.03666,8.95,56.24941,0.0,12.236029
2026-03-10 19:00:00+00:00,50.4,44.0,23.8,2.0,0.0,66.96,8.85,57.245724,0.0,12.5032
2026-03-10 20:00:00+00:00,46.9,41.3,21.5,2.0,0.0,65.41333,8.1,60.445286,0.0,10.062305
2026-03-10 21:00:00+00:00,50.0,43.5,24.1,2.0,0.0,63.766666,6.45,67.66316,0.0,5.3457265
2026-03-10 22:00:00+00:00,48.4,43.9,27.9,2.0,0.0,62.66333,6.25,66.17152,0.0,3.8521678
2026-03-10 23:00:00+00:00,50.5,41.7,23.3,1.0,0.0,62.033333,5.85,68.02435,0.0,7.193247
2026-03-11 00:00:00+00:00,39.1,36.8,20.5,2.0,0.0,61.836666,7.9,63.741463,0.0,8.604301
2026-03-11 01:00:00+00:00,34.5,30.3,13.3,2.0,0.0,61.533333,6.2,71.356064,0.0,6.439876
2026-03-11 02:00:00+00:00,32.1,24.2,10.3,2.0,0.0,61.219997,5.9,70.786674,0.0,3.9518096
2026-03-11 03:00:00+00:00,30.7,22.7,9.5,2.0,0.0,60.983334,5.1,72.176186,0.0,5.904439
2026-03-11 04:00:00+00:00,31.2,22.5,12.7,2.0,0.0,60.92,4.55,74.45782,0.0,7.0407386
2026-03-11 05:00:00+00:00,34.0,24.9,18.8,2.0,0.0,60.93,4.1,75.190445,0.0,7.0407386
2026-03-11 06:00:00+00:00,39.2,29.2,26.9,2.0,0.15,60.983334,6.45,68.890594,0.0,7.491114
2026-03-11 07:00:00+00:00,44.3,33.6,32.6,3.0,0.55,61.25,8.7,65.769875,0.0,5.5216303
2026-03-11 08:00:00+00:00,44.3,34.9,32.5,3.0,1.1,61.576668,11.65,57.552956,0.0,3.8773184
2026-03-11 09:00:00+00:00,37.5,25.2,16.8,3.0,1.7,61.966667,13.9,52.3577,0.0,2.0991426
2026-03-11 10:00:00+00:00,33.7,25.8,11.6,3.0,2.15,62.379997,15.95,46.69444,0.0,3.9518096
2026-03-11 11:00:00+00:00,31.5,23.9,4.8,4.0,1.9,62.91,17.1,36.77145,0.0,11.132385
2026-03-11 12:00:00+00:00,29.3,20.4,3.9,4.0,1.6,63.38667,17.9,33.018665,0.0,10.766949
2026-03-11 13:00:00+00:00,28.4,22.2,4.1,5.0,1.05,63.713337,17.45,32.534832,0.0,11.345712
2026-03-11 14:00:00+00:00,26.5,22.8,5.6,5.0,0.65,64.08667,17.1,37.43138,0.0,6.8777895
2026-03-11 15:00:00+00:00,32.3,23.5,11.0,5.0,0.25,64.456665,15.6,46.923546,0.0,5.634891
2026-03-11 16:00:00+00:00,37.3,28.8,24.9,5.0,0.05,64.59334,13.8,51.24085,0.0,7.172949
2026-03-11 17:00:00+00:00,47.7,35.3,30.1,5.0,0.0,64.81667,11.95,50.37365,0.0,13.5515
2026-03-11 18:00:00+00:00,48.1,38.9,29.2,4.0,0.0,64.75,12.35,46.667854,0.0,17.615187
2026-03-11 19:00:00+00:00,53.8,37.4,22.3,4.0,0.0,64.676674,11.45,51.50926,0.0,15.2947035
2026-03-11 20:00:00+00:00,57.0,42.7,20.7,4.0,0.0,64.456665,10.4,56.42471,0.0,13.83192
2026-03-11 21:00:00+00:00,58.3,50.0,22.0,3.0,0.0,64.503334,9.5,60.57167,0.0,11.885453
2026-03-11 22:00:00+00:00,55.8,47.9,22.8,3.0,0.0,64.72,8.65,63.914764,0.0,10.6261
2026-03-11 23:00:00+00:00,50.6,44.3,19.0,3.0,0.0,64.85333,7.9,66.53491,0.0,8.766573
2026-03-12 00:00:00+00:00,42.0,37.7,16.5,3.0,0.0,64.94,6.65,67.94965,0.0,5.7176566
2026-03-12 01:00:00+00:00,41.0,36.0,15.5,3.0,0.0,64.97,6.55,66.23798,0.0,1.9386592
2026-03-12 02:00:00+00:00,39.4,33.8,14.5,3.0,0.0,65.159996,6.15,67.598785,0.0,1.484318
2026-03-12 03:00:00+00:00,37.0,32.0,14.1,3.0,0.0,65.479996,5.25,71.68571,0.0,1.8792552
2026-03-12 04:00:00+00:00,37.0,30.8,16.7,3.0,0.0,65.79,4.1,77.118904,0.0,3.644722
2026-03-12 05:00:00+00:00,42.1,33.9,22.7,4.0,0.0,66.066666,3.0,83.03199,0.0,4.5891175
2026-03-12 06:00:00+00:00,49.3,38.0,33.6,4.0,0.2,66.36666,4.25,81.12853,0.0,5.506941
2026-03-12 07:00:00+00:00,50.3,38.6,37.7,4.0,0.6,66.659996,6.85,73.547455,0.0,3.8268526
2026-03-12 08:00:00+00:00,47.5,36.5,32.1,4.0,1.1,66.82667,9.85,66.723,0.0,2.3400002
2026-03-12 09:00:00+00:00,32.5,24.6,22.3,5.0,1.7,66.88,12.2,59.955956,0.0,3.9966483
2026-03-12 10:00:00+00:00,26.4,21.2,13.7,5.0,2.05,66.86,13.8,53.62832,0.0,7.5019197
2026-03-12 11:00:00+00:00,23.9,18.3,8.8,5.0,2.1,66.706665,14.5,52.70192,0.0,10.98
2026-03-12 12:00:00+00:00,20.0,15.1,6.6,4.0,1.65,66.52,15.35,51.125393,0.0,9.721666
2026-03-12 13:00:00+00:00,19.3,15.6,6.4,4.0,0.95,66.34332,15.4,50.258087,0.0,7.5599995
2026-03-12 14:00:00+00:00,20.3,16.5,9.3,3.0,0.45,66.12334,15.05,51.759235,0.0,9.0018
2026-03-12 15:00:00+00:00,21.8,18.7,15.1,3.0,0.25,65.91333,14.3,55.85364,0.0,8.39078
2026-03-12 16:00:00+00:00,36.0,28.5,28.8,2.0,0.05,65.753334,12.3,71.28515,0.0,3.9966488
2026-03-12 17:00:00+00:00,62.4,47.2,40.9,2.0,0.0,65.743324,10.7,76.046585,0.0,7.186487
2026-03-12 18:00:00+00:00,77.1,60.0,43.8,1.0,0.0,66.13999,8.75,84.024925,0.0,4.5891175
2026-03-12 19:00:00+00:00,84.6,73.7,45.7,1.0,0.0,66.84333,8.0,87.79822,0.0,2.3469126
2026-03-12 20:00:00+00:00,92.8,82.8,49.3,1.0,0.0,68.05333,6.7,91.73356,0.0,4.278551
2026-03-12 21:00:00+00:00,104.9,90.7,51.4,1.0,0.0,69.39,5.8,93.29003,0.0,2.5264204
2026-03-12 22:00:00+00:00,119.2,105.4,51.5,1.0,0.0,70.74667,4.85,95.89399,0.0,2.19718
2026-03-12 23:00:00+00:00,110.6,100.3,46.8,1.0,0.0,72.66334,4.1,95.86952,0.0,1.609969
2026-03-13 00:00:00+00:00,98.9,85.5,41.3,2.0,0.0,74.53001,4.45,94.54171,0.0,2.5455842
2026-03-13 01:00:00+00:00,97.9,91.2,38.3,2.0,0.0,76.12334,3.55,96.532104,0.0,1.08
2026-03-13 02:00:00+00:00,93.6,86.4,35.6,3.0,0.0,77.96333,2.7,96.8527,0.0,0.9
2026-03-13 03:00:00+00:00,86.0,76.8,34.9,3.0,0.0,79.71666,2.15,95.804886,0.0,1.26
2026-03-13 04:00:00+00:00,79.2,69.7,33.6,3.0,0.0,81.21001,1.6,95.099625,0.0,0.9
2026-03-13 05:00:00+00:00,76.8,67.0,31.1,3.0,0.0,82.50667,1.5,94.072945,0.0,2.6208394
2026-03-13 06:00:00+00:00,79.2,65.4,31.5,3.0,0.2,83.61,2.3,93.10365,0.0,5.950899
2026-03-13 07:00:00+00:00,78.7,67.7,33.0,3.0,0.65,84.52333,4.85,85.66438,0.0,3.148714
2026-03-13 08:00:00+00:00,73.3,63.1,30.9,3.0,1.3,85.49333,8.05,76.93934,0.0,2.50064
2026-03-13 09:00:00+00:00,65.8,54.7,31.6,3.0,2.0,86.380005,11.1,69.837715,0.0,3.4388947
2026-03-13 10:00:00+00:00,48.0,39.3,24.4,3.0,2.25,87.38333,13.65,64.59879,0.0,3.244996
2026-03-13 11:00:00+00:00,36.0,28.4,16.5,3.0,2.45,87.98667,15.0,61.674316,0.0,2.0364676
2026-03-13 12:00:00+00:00,33.3,26.1,12.2,3.0,2.1,88.323326,16.35,46.806667,0.0,2.5959969
2026-03-13 13:00:00+00:00,28.0,21.0,10.8,3.0,1.3,88.689995,17.05,41.31008,0.0,6.4096174
2026-03-13 14:00:00+00:00,26.8,20.0,11.4,3.0,0.65,88.87,16.9,39.83686,0.0,9.1641035
2026-03-13 15:00:00+00:00,27.3,22.5,21.7,3.0,0.3,88.986664,15.8,46.65228,0.0,6.2613096
2026-03-13 16:00:00+00:00,31.6,25.3,38.9,3.0,0.05,89.11333,14.3,50.484997,0.0,11.183201
2026-03-13 17:00:00+00:00,37.7,29.5,29.6,3.0,0.0,89.00667,12.3,55.726273,0.0,15.027575
2026-03-13 18:00:00+00:00,42.9,35.8,23.8,4.0,0.0,88.416664,12.4,54.58726,0.0,14.973577
2026-03-13 19:00:00+00:00,45.3,35.7,20.9,4.0,0.0,87.61001,11.95,57.426823,0.0,14.799459
2026-03-13 20:00:00+00:00,48.3,41.4,21.8,4.0,0.0,86.34334,10.55,63.675083,0.0,11.39842
2026-03-13 21:00:00+00:00,52.2,47.2,24.8,4.0,0.0,84.96334,9.75,65.7697,0.0,10.742848
2026-03-13 22:00:00+00:00,57.8,52.5,26.1,4.0,0.0,83.513336,9.05,67.496124,0.0,7.928178
2026-03-13 23:00:00+00:00,56.9,50.9,24.4,4.0,0.0,81.75,8.1,70.21882,0.0,6.5223618
2026-03-14 00:00:00+00:00,46.4,42.0,18.8,4.0,0.0,80.10333,7.45,69.34424,0.0,8.242743
2026-03-14 01:00:00+00:00,47.4,42.5,16.4,4.0,0.0,78.65333,6.5,72.70148,0.0,7.256032
2026-03-14 02:00:00+00:00,42.7,36.1,14.8,4.0,0.0,77.03,5.15,78.403854,0.0,5.441838
2026-03-14 03:00:00+00:00,38.4,36.3,13.9,4.0,0.0,75.35333,4.05,82.569664,0.0,5.154415
2026-03-14 04:00:00+00:00,38.7,32.0,15.8,4.0,0.0,74.003334,3.55,84.30475,0.0,5.3517847
2026-03-14 05:00:00+00:00,36.7,30.7,19.6,4.0,0.0,72.746666,3.2,85.48553,0.0,5.5216303
2026-03-14 06:00:00+00:00,33.4,27.3,15.9,4.0,0.2,71.53667,5.1,79.24145,0.0,6.601363
2026-03-14 07:00:00+00:00,29.9,23.8,14.4,4.0,0.7,70.26666,8.8,66.967476,0.0,8.083983
2026-03-14 08:00:00+00:00,21.3,19.1,9.6,2.0,1.35,68.80334,11.85,59.87043,0.0,8.43699
2026-03-14 09:00:00+00:00,16.3,12.5,6.6,2.0,2.1,67.33666,14.3,48.230335,0.0,11.098865
2026-03-14 10:00:00+00:00,15.9,8.6,3.5,3.0,2.6,65.92999,16.0,37.110313,0.0,9.847496
2026-03-14 11:00:00+00:00,14.8,6.4,2.5,3.0,2.7,64.90666,17.1,32.786453,0.0,9.531505
2026-03-14 12:00:00+00:00,14.6,6.8,2.7,3.0,2.35,64.17333,18.35,27.981188,0.0,8.350138
2026-03-14 13:00:00+00:00,14.6,7.3,2.8,3.0,1.7,63.53,17.85,24.746544,0.0,12.93247
2026-03-14 14:00:00+00:00,14.0,7.6,3.1,3.0,0.95,63.07333,17.15,26.153065,0.0,12.580699
2026-03-14 15:00:00+00:00,17.2,9.6,5.5,4.0,0.4,62.659996,16.0,33.06207,0.0,10.036512
2026-03-14 16:00:00+00:00,19.1,15.9,7.0,4.0,0.1,62.229996,13.7,41.36771,0.0,11.203464
2026-03-14 17:00:00+00:00,31.0,24.4,11.5,3.0,0.0,61.91666,11.3,47.556065,0.0,13.356437
2026-03-14 18:00:00+00:00,36.7,32.2,15.6,3.0,0.0,61.746666,10.8,48.8064,0.0,13.581354
2026-03-14 19:00:00+00:00,47.1,39.1,17.8,3.0,0.0,61.626667,10.1,50.95345,0.0,10.83893
2026-03-14 20:00:00+00:00,49.6,45.8,23.9,3.0,0.0,61.739998,8.75,57.633667,0.0,6.502461
2026-03-14 21:00:00+00:00,51.5,44.7,28.2,3.0,0.0,61.886665,7.6,61.420883,0.0,3.3092597
2026-03-14 22:00:00+00:00,54.4,47.5,28.1,3.0,0.0,61.80333,6.3,66.42208,0.0,3.7971036
2026-03-14 23:00:00+00:00,51.2,44.4,26.1,3.0,0.0,61.636665,5.2,70.64731,0.0,4.14
2026-03-15 00:00:00+00:00,43.0,35.4,19.9,3.0,0.0,61.420002,4.35,72.03206,0.0,5.402999
2026-03-15 01:00:00+00:00,39.8,34.0,17.8,3.0,0.0,61.199997,3.85,73.25833,0.0,4.5
2026-03-15 02:00:00+00:00,34.8,28.8,16.9,3.0,0.0,60.916668,3.2,74.758865,0.0,3.572898
2026-03-15 03:00:00+00:00,32.2,25.7,16.0,3.0,0.0,60.673336,2.6,76.87198,0.0,2.8460495
2026-03-15 04:00:00+00:00,32.8,25.6,16.3,3.0,0.0,60.32,1.95,79.633064,0.0,3.4576871
2026-03-15 05:00:00+00:00,35.4,28.8,18.0,3.0,0.0,60.106663,1.8,79.61069,0.0,3.0547013
2026-03-15 06:00:00+00:00,38.4,32.8,21.2,3.0,0.25,60.04333,3.95,72.2175,0.0,3.2048087
2026-03-15 07:00:00+00:00,33.5,25.5,14.9,3.0,0.65,60.226665,7.15,63.338253,0.0,2.0523157
2026-03-15 08:00:00+00:00,30.7,22.1,11.8,4.0,1.3,60.283333,10.8,60.24689,0.0,2.4482646
2026-03-15 09:00:00+00:00,27.7,20.0,10.4,3.0,1.95,60.38333,13.5,54.87587,0.0,4.412754
2026-03-15 10:00:00+00:00,28.5,19.9,10.1,3.0,2.2,60.63333,15.5,49.4182,0.0,5.7628117
2026-03-15 11:00:00+00:00,27.4,20.5,8.4,3.0,2.0,61.01,16.55,42.94226,0.0,6.0347
2026-03-15 12:00:00+00:00,28.1,20.3,7.8,3.0,1.85,61.479996,17.3,34.78662,0.0,7.1684303
2026-03-15 13:00:00+00:00,29.5,21.4,5.7,3.0,1.45,61.93,17.1,35.229458,0.0,7.127636
2026-03-15 14:00:00+00:00,29.3,21.7,7.4,3.0,0.75,62.399998,16.9,36.713146,0.0,6.439876
2026-03-15 15:00:00+00:00,30.4,22.7,10.1,3.0,0.3,62.870003,16.05,42.049854,0.0,6.489992
2026-03-15 16:00:00+00:00,35.1,26.8,14.6,4.0,0.05,63.306664,14.15,51.156467,0.0,6.162207
2026-03-15 17:00:00+00:00,46.0,34.6,19.5,4.0,0.0,63.670002,12.4,54.973164,0.0,8.513448
2026-03-15 18:00:00+00:00,73.1,57.8,24.8,4.0,0.0,64.01,10.85,62.85639,0.0,10.546525
2026-03-15 19:00:00+00:00,88.3,72.1,27.6,4.0,0.0,64.863335,10.15,65.16797,0.0,11.592895
2026-03-15 20:00:00+00:00,93.3,76.9,30.9,4.0,0.0,65.96333,8.7,71.33515,0.0,11.989946
2026-03-15 21:00:00+00:00,86.2,76.4,26.1,4.0,0.0,67.0,7.65,76.60476,0.0,7.24486
2026-03-15 22:00:00+00:00,81.9,74.9,25.2,4.0,0.0,68.05667,6.6,77.24825,0.0,0.71999997
2026-03-15 23:00:00+00:00,75.3,64.2,25.8,4.0,0.0,68.97,5.5,82.17016,0.0,2.0523157
2026-03-16 00:00:00+00:00,51.7,49.1,20.1,4.0,0.0,69.630005,4.3,81.719185,0.0,2.7238941
2026-03-16 01:00:00+00:00,58.3,52.3,20.1,3.0,0.0,70.08666,3.7,87.08413,0.0,3.4247334
2026-03-16 02:00:00+00:00,63.4,57.8,18.7,3.0,0.0,70.69667,3.5,94.16603,0.0,5.154415
2026-03-16 03:00:00+00:00,60.6,58.2,19.8,3.0,0.0,71.66333,3.3,99.64761,0.0,6.9480934
2026-03-16 04:00:00+00:00,62.9,57.0,20.9,2.0,0.0,72.746666,3.05,100.0,0.0,6.8423676
2026-03-16 05:00:00+00:00,60.0,56.4,23.3,2.0,0.0,73.79333,3.25,100.0,0.0,7.2022495
2026-03-16 06:00:00+00:00,61.9,53.6,27.4,2.0,0.15,74.71333,4.3,99.30198,0.0,7.5685663
2026-03-16 07:00:00+00:00,59.1,53.9,27.1,2.0,0.4,75.40666,5.5,97.598816,0.0,9.321845
2026-03-16 08:00:00+00:00,53.7,46.7,22.4,1.0,0.85,76.35333,7.05,89.55776,0.0,11.052058
2026-03-16 09:00:00+00:00,46.0,38.8,18.9,1.0,1.45,77.173325,8.55,80.863655,0.0,11.409785
2026-03-16 10:00:00+00:00,42.9,34.3,11.3,3.0,1.7,77.799995,10.8,68.81597,0.0,14.224556
2026-03-16 11:00:00+00:00,40.1,32.3,8.2,3.0,1.5,78.28,12.55,59.624477,0.0,16.38099
2026-03-16 12:00:00+00:00,34.2,29.7,9.3,3.0,1.15,78.67333,12.6,62.39141,0.0,16.985935
2026-03-16 13:00:00+00:00,30.6,26.2,9.0,2.0,0.6,78.98667,11.75,65.29584,0.1,16.557064
2026-03-16 14:00:00+00:00,23.2,21.7,10.1,1.0,0.3,79.14667,11.2,62.062626,0.0,16.1017
2026-03-16 15:00:00+00:00,17.0,14.4,11.7,1.0,0.25,79.14666,10.6,61.92056,0.0,15.009236
2026-03-16 16:00:00+00:00,16.0,14.7,13.3,0.0,0.05,78.869995,9.75,64.393776,0.0,16.486465
2026-03-16 17:00:00+00:00,21.3,19.7,18.6,0.0,0.0,78.46666,7.65,77.145004,0.4,12.466867
2026-03-16 18:00:00+00:00,31.3,28.2,26.4,0.0,0.0,77.96999,7.05,77.32052,0.1,8.431228
2026-03-16 19:00:00+00:00,43.5,39.1,29.9,0.0,0.0,76.98333,6.7,78.92003,0.0,5.7964473
2026-03-16 20:00:00+00:00,48.9,46.0,34.4,0.0,0.0,75.88334,5.8,84.86422,0.0,3.3043609
2026-03-16 21:00:00+00:00,56.2,48.5,32.1,0.0,0.0,74.85333,5.1,87.22028,0.0,2.5455842
2026-03-16 22:00:00+00:00,59.0,54.6,34.4,0.0,0.0,73.92333,4.7,87.491165,0.0,2.6758924
2026-03-16 23:00:00+00:00,51.7,44.8,27.8,0.0,0.0,73.24667,4.7,84.73975,0.0,8.338489
2026-03-17 00:00:00+00:00,56.6,52.5,24.4,0.0,0.0,72.600006,5.0,82.986015,0.0,9.801326
2026-03-17 01:00:00+00:00,54.6,50.1,23.3,0.0,0.0,72.71333,4.05,87.42936,0.0,10.440001
2026-03-17 02:00:00+00:00,51.4,45.3,20.3,0.0,0.0,72.64,3.6,89.91797,0.0,9.67657
2026-03-17 03:00:00+00:00,46.9,42.0,21.0,0.0,0.0,72.22333,2.95,92.80699,0.0,9.82279
2026-03-17 04:00:00+00:00,44.5,41.7,23.7,0.0,0.0,71.683334,2.5,94.11978,0.0,8.513448
2026-03-17 05:00:00+00:00,43.7,40.1,26.5,0.0,0.0,71.17333,2.15,94.10345,0.0,6.21717
2026-03-17 06:00:00+00:00,41.2,37.8,27.4,0.0,0.1,70.63,2.85,92.47032,0.0,6.391901
2026-03-17 07:00:00+00:00,32.1,29.8,26.4,0.0,0.3,70.10333,4.55,84.12114,0.0,4.445672
2026-03-17 08:00:00+00:00,25.9,22.4,19.7,0.0,0.5,69.299995,6.15,78.00238,0.0,2.8460495
2026-03-17 09:00:00+00:00,22.6,19.8,16.7,0.0,0.4,68.49,7.25,71.55995,0.1,5.7628117
2026-03-17 10:00:00+00:00,21.4,19.3,13.3,0.0,0.5,67.85667,7.75,72.165184,0.2,5.937272
2026-03-17 11:00:00+00:00,20.6,17.0,12.0,0.0,0.7,67.35666,8.15,69.48719,0.1,7.256032
2026-03-17 12:00:00+00:00,20.3,16.2,10.6,0.0,0.3,66.846664,7.6,68.15084,0.1,3.9763298
2026-03-17 13:00:00+00:00,21.4,16.5,8.8,0.0,0.55,66.39667,7.1,75.70753,0.4,6.015878
2026-03-17 14:00:00+00:00,20.6,17.6,10.1,0.0,0.3,66.07333,7.1,78.426186,0.1,4.8433046
2026-03-17 15:00:00+00:00,19.9,18.1,14.2,0.0,0.1,65.93667,6.5,85.24086,0.5,8.131936
2026-03-17 16:00:00+00:00,21.9,20.1,17.3,0.0,0.0,66.06,6.1,89.482086,0.2,6.114703
2026-03-17 17:00:00+00:00,31.3,28.5,22.3,0.0,0.0,66.24,5.8,91.996864,0.0,6.2405767
2026-03-17 18:00:00+00:00,43.4,39.7,27.2,0.0,0.0,66.533325,5.25,92.60999,0.0,9.313152
2026-03-17 19:00:00+00:00,49.5,45.4,28.1,0.0,0.0,66.916664,4.45,92.563866,0.0,5.7964473
2026-03-17 20:00:00+00:00,51.1,47.2,25.4,0.0,0.0,67.12666,4.05,91.23863,0.0,5.692099
2026-03-17 21:00:00+00:00,47.7,41.9,22.1,0.0,0.0,67.166664,4.65,90.31763,0.0,8.197414
2026-03-17 22:00:00+00:00,43.0,38.5,18.7,0.0,0.0,66.94666,4.65,90.31763,0.0,9.511088
2026-03-17 23:00:00+00:00,37.0,34.0,16.1,0.0,0.0,66.409996,3.6,91.85913,0.0,7.3997297
2026-03-18 00:00:00+00:00,38.9,34.7,14.8,0.0,0.0,66.05,3.6,88.01323,0.0,6.898956
2026-03-18 01:00:00+00:00,38.7,34.4,14.4,0.0,0.0,65.456665,3.0,90.19357,0.0,5.506941
2026-03-18 02:00:00+00:00,38.5,34.1,13.3,0.0,0.0,64.933334,2.35,91.12208,0.0,5.315336
2026-03-18 03:00:00+00:00,37.1,32.4,13.1,0.0,0.0,64.560005,2.1,91.10474,0.0,6.156947
2026-03-18 04:00:00+00:00,36.4,32.9,14.7,1.0,0.0,64.240005,1.4,92.0504,0.0,5.5596404
2026-03-18 05:00:00+00:00,42.2,34.3,17.6,1.0,0.05,63.946667,0.8,93.3598,0.0,5.5567255
2026-03-18 06:00:00+00:00,43.6,35.7,23.1,1.0,0.2,63.753338,2.2,91.11168,0.0,7.613382
2026-03-18 07:00:00+00:00,39.8,32.4,16.7,2.0,0.55,63.68334,3.9,88.670166,0.0,6.2613096
2026-03-18 08:00:00+00:00,37.2,29.6,13.8,3.0,1.1,63.770004,5.95,79.93305,0.0,8.538149
2026-03-18 09:00:00+00:00,36.9,27.5,9.2,4.0,1.7,64.01,7.85,71.42247,0.0,8.163749
2026-03-18 10:00:00+00:00,36.8,26.5,7.1,6.0,2.15,64.26667,9.65,62.354008,0.0,9.473541
2026-03-18 11:00:00+00:00,34.3,23.4,5.7,7.0,2.25,64.50667,11.05,54.037052,0.0,11.844492
2026-03-18 12:00:00+00:00,30.1,19.6,4.4,8.0,2.05,64.72,11.9,44.404804,0.0,13.954354
2026-03-18 13:00:00+00:00,23.6,13.9,3.9,8.0,1.5,64.83333,12.3,41.107037,0.0,15.077082
2026-03-18 14:00:00+00:00,19.5,10.6,4.6,5.0,0.85,64.746666,12.3,38.488968,0.0,15.435983
2026-03-18 15:00:00+00:00,17.3,9.5,7.0,5.0,0.35,64.513336,11.75,39.616383,0.0,14.8257065
2026-03-18 16:00:00+00:00,16.3,10.6,11.7,4.0,0.1,64.22667,10.45,45.7884,0.0,11.753877
2026-03-18 17:00:00+00:00,27.4,20.8,20.5,4.0,0.0,63.909996,8.35,53.31038,0.0,11.453715
2026-03-18 18:00:00+00:00,36.7,27.7,23.3,5.0,0.0,63.65333,7.75,54.128075,0.0,12.800266
2026-03-18 19:00:00+00:00,46.5,35.4,23.5,5.0,0.0,63.25333,6.95,59.7254,0.0,10.787993
2026-03-18 20:00:00+00:00,48.7,40.3,26.4,4.0,0.0,62.92,5.9,64.905556,0.0,9.860649
2026-03-18 21:00:00+00:00,52.2,45.5,27.8,4.0,0.0,62.689995,5.2,67.14911,0.0,9.087772
2026-03-18 22:00:00+00:00,56.3,45.8,27.7,4.0,0.0,62.81,4.1,72.2463,0.0,6.638072
2026-03-18 23:00:00+00:00,50.1,41.1,26.2,4.0,0.0,63.05333,3.35,75.60776,0.0,6.320538
2026-03-19 00:00:00+00:00,50.4,41.3,18.0,4.0,0.0,63.29,2.3,77.10428,0.0,3.572898
2026-03-19 01:00:00+00:00,48.7,39.7,17.6,4.0,0.0,63.51,2.1,77.924286,0.0,2.4149535
2026-03-19 02:00:00+00:00,47.7,38.8,15.7,4.0,0.0,63.68666,1.5,78.98283,0.0,2.0991426
2026-03-19 03:00:00+00:00,45.3,36.7,17.0,4.0,0.0,63.84333,0.8,81.54085,0.0,1.484318
2026-03-19 04:00:00+00:00,46.9,36.2,19.6,3.0,0.0,63.986664,0.5,81.80128,0.0,0.56920993
2026-03-19 05:00:00+00:00,51.2,39.3,28.3,3.0,0.05,64.096664,0.1,83.58282,0.0,0.8049845
2026-03-19 06:00:00+00:00,58.9,48.7,29.9,3.0,0.25,64.263336,1.15,79.806946,0.0,1.9881649
2026-03-19 07:00:00+00:00,59.5,46.3,32.8,3.0,0.7,64.69666,3.25,65.98399,0.0,0.9178235
2026-03-19 08:00:00+00:00,47.2,34.4,25.9,3.0,1.25,65.159996,5.7,57.68766,0.0,0.35999998
2026-03-19 09:00:00+00:00,38.4,28.6,21.3,3.0,1.55,65.32,7.35,55.422394,0.0,2.0124612
2026-03-19 10:00:00+00:00,24.9,22.3,19.5,3.0,1.95,65.35667,8.5,54.132816,0.0,1.9469976
2026-03-19 11:00:00+00:00,18.2,12.9,10.1,3.0,1.95,65.21667,10.15,47.74703,0.0,4.175069
2026-03-19 12:00:00+00:00,17.1,11.7,5.9,3.0,1.4,64.86667,10.55,44.66124,0.0,8.913181
2026-03-19 13:00:00+00:00,16.2,11.7,5.3,4.0,0.75,64.60333,10.8,43.286194,0.0,7.256032
2026-03-19 14:00:00+00:00,17.4,12.2,7.0,4.0,0.45,64.53,10.5,44.321175,0.0,6.248359
2026-03-19 15:00:00+00:00,20.3,13.8,9.5,4.0,0.25,64.583336,10.2,48.109898,0.0,3.8939953
2026-03-19 16:00:00+00:00,28.4,19.7,20.4,4.0,0.05,64.72667,9.3,61.39148,0.0,2.50064
2026-03-19 17:00:00+00:00,50.1,35.2,39.5,4.0,0.0,65.03,7.05,62.632477,0.0,3.7585104
2026-03-19 18:00:00+00:00,72.9,54.2,57.2,4.0,0.0,65.51,7.6,56.509243,0.0,1.9386592
2026-03-19 19:00:00+00:00,85.4,71.9,58.0,3.0,0.0,66.39334,6.85,59.48347,0.0,1.2979984
2026-03-19 20:00:00+00:00,92.1,82.1,56.5,3.0,0.0,67.61001,5.75,65.82101,0.0,7.7983837
2026-03-19 21:00:00+00:00,98.2,89.2,51.1,3.0,0.0,69.003334,5.6,69.21175,0.0,4.4456716
2026-03-19 22:00:00+00:00,98.8,85.5,47.0,3.0,0.0,70.46,4.7,74.75392,0.0,1.8
2026-03-19 23:00:00+00:00,94.0,84.6,40.9,3.0,0.0,71.78333,4.55,74.45782,0.0,0.9178235
2026-03-20 00:00:00+00:00,85.9,78.6,35.6,3.0,0.0,73.23333,3.1,74.74106,0.0,6.8138976
2026-03-20 01:00:00+00:00,78.4,72.0,35.6,3.0,0.0,74.47667,2.5,79.42466,0.0,4.412754
2026-03-20 02:00:00+00:00,71.7,66.4,33.2,3.0,0.0,75.55333,1.8,83.48658,0.0,3.096837
2026-03-20 03:00:00+00:00,68.4,63.8,28.3,3.0,0.0,76.473335,1.25,83.72443,0.0,5.2323985
2026-03-20 04:00:00+00:00,67.2,63.2,24.1,3.0,0.0,77.37667,0.45,85.80891,0.0,7.344794
2026-03-20 05:00:00+00:00,68.0,64.0,28.4,2.0,0.05,78.276665,0.0,87.67722,0.0,8.534353
2026-03-20 06:00:00+00:00,70.5,65.5,27.1,2.0,0.25,79.1,0.75,87.42793,0.0,9.085988
2026-03-20 07:00:00+00:00,65.5,60.9,27.2,1.0,0.7,79.659996,2.8,81.22109,0.0,6.945761
2026-03-20 08:00:00+00:00,53.1,41.8,24.7,1.0,1.3,80.14667,5.3,68.6501,0.0,6.050785
2026-03-20 09:00:00+00:00,43.3,40.6,18.2,1.0,1.95,80.39333,7.7,56.330055,0.0,4.060985
2026-03-20 10:00:00+00:00,30.8,24.0,12.8,1.0,2.5,80.793335,9.35,48.75109,0.0,2.0523157
2026-03-20 11:00:00+00:00,22.5,16.2,8.2,0.0,2.65,80.85,10.25,42.966614,0.0,2.7534704
2026-03-20 12:00:00+00:00,20.3,15.5,6.2,0.0,2.1,80.96,11.1,36.4699,0.0,6.519877
2026-03-20 13:00:00+00:00,19.8,15.8,6.2,0.0,1.35,81.08666,11.05,37.556263,0.0,6.6697226
2026-03-20 14:00:00+00:00,19.4,15.9,7.3,0.0,0.75,81.223335,10.95,43.33008,0.0,7.841888
2026-03-20 15:00:00+00:00,22.1,17.9,10.6,0.0,0.3,81.346664,10.6,46.504047,0.0,9.9977
2026-03-20 16:00:00+00:00,26.2,21.5,17.6,0.0,0.05,81.48334,9.3,59.878487,0.0,11.9140415
2026-03-20 17:00:00+00:00,38.7,32.8,23.9,0.0,0.0,81.543335,7.4,71.58891,0.0,11.811622
2026-03-20 18:00:00+00:00,46.2,36.5,27.4,0.0,0.0,81.46333,6.7,76.99141,0.0,11.225132
2026-03-20 19:00:00+00:00,51.8,42.2,24.2,0.0,0.0,80.87334,6.2,83.7231,0.0,9.9408245
2026-03-20 20:00:00+00:00,41.7,39.2,21.4,0.0,0.0,79.88334,6.2,87.32579,0.3,7.538541
2026-03-20 21:00:00+00:00,51.0,46.6,24.8,0.0,0.0,78.45333,5.9,95.26363,0.5,5.7176566
2026-03-20 22:00:00+00:00,56.7,45.3,24.3,0.0,0.0,77.033325,5.6,96.92463,0.2,6.7565966
2026-03-20 23:00:00+00:00,42.4,38.5,17.4,0.0,0.0,75.69334,5.1,96.23783,0.1,7.344794
2026-03-21 00:00:00+00:00,45.8,39.8,19.9,0.0,0.0,74.15666,5.25,95.57264,0.0,7.8954163
2026-03-21 01:00:00+00:00,45.3,40.6,17.5,0.0,0.0,72.86333,4.65,96.22437,0.0,6.9247384
2026-03-21 02:00:00+00:00,42.1,39.9,15.1,0.0,0.0,71.816666,3.85,96.881516,0.0,7.8954163
2026-03-21 03:00:00+00:00,41.5,39.3,13.9,0.0,0.0,70.933334,2.85,97.894455,0.0,8.427383
2026-03-21 04:00:00+00:00,40.8,38.7,13.6,0.0,0.0,70.11666,1.85,98.22836,0.0,8.792405
2026-03-21 05:00:00+00:00,42.2,40.1,14.3,0.0,0.05,69.299995,0.9,98.56945,0.0,8.163749
2026-03-21 06:00:00+00:00,45.3,42.7,17.8,0.0,0.2,68.503334,1.55,96.12985,0.0,9.403169
2026-03-21 07:00:00+00:00,41.8,37.8,13.0,0.0,0.6,67.74333,3.3,89.894615,0.0,10.209348
2026-03-21 08:00:00+00:00,33.4,30.2,10.8,0.0,1.25,66.973335,5.55,80.15958,0.0,10.2742
2026-03-21 09:00:00+00:00,25.2,22.2,7.5,0.0,1.85,66.58667,7.4,67.14218,0.0,11.375658
2026-03-21 10:00:00+00:00,13.3,12.1,4.8,0.0,2.45,65.973335,8.7,52.63417,0.0,16.560978
2026-03-21 11:00:00+00:00,10.9,9.6,3.4,0.0,2.65,65.57667,9.4,47.185852,0.0,16.019999
2026-03-21 12:00:00+00:00,9.4,6.3,3.4,0.0,1.5,65.35667,10.35,42.05658,0.0,16.069473
2026-03-21 13:00:00+00:00,8.3,5.6,4.1,0.0,1.65,65.049995,10.9,37.932125,0.0,14.193772
2026-03-21 14:00:00+00:00,8.2,5.6,4.6,0.0,1.0,64.71,11.65,34.132145,0.0,15.484185
2026-03-21 15:00:00+00:00,8.5,6.0,5.0,0.0,0.45,64.36666,10.55,38.68164,0.0,19.731974
2026-03-21 16:00:00+00:00,12.1,7.3,6.2,0.0,0.1,63.969994,9.05,46.397507,0.0,17.208603
2026-03-21 17:00:00+00:00,23.3,20.5,10.2,0.0,0.0,63.496662,7.3,53.415092,0.0,14.757804
2026-03-21 18:00:00+00:00,30.0,26.7,17.9,0.0,0.0,63.086662,6.3,59.128376,0.0,12.5032
2026-03-21 19:00:00+00:00,38.4,34.2,22.1,0.0,0.0,62.759995,5.35,64.77974,0.0,10.534229
2026-03-21 20:00:00+00:00,41.8,37.2,21.6,0.0,0.0,62.49333,4.7,67.039894,0.0,10.105681
2026-03-21 21:00:00+00:00,43.6,39.0,19.0,0.0,0.0,62.426662,4.0,70.14945,0.0,8.821836
2026-03-21 22:00:00+00:00,41.2,39.4,18.4,0.0,0.0,62.173332,3.25,73.68323,0.0,8.865799
2026-03-21 23:00:00+00:00,39.2,32.4,17.7,0.0,0.0,61.976665,2.45,77.41174,0.0,8.936778
2026-03-22 00:00:00+00:00,36.5,30.7,14.5,0.0,0.0,61.773335,2.05,76.78049,0.0,8.731392
2026-03-22 01:00:00+00:00,35.8,31.8,13.4,0.0,0.0,61.47001,1.45,80.44032,0.0,7.9465466
2026-03-22 02:00:00+00:00,36.6,31.4,12.3,1.0,0.0,61.176674,0.9,83.98935,0.0,7.9465466
2026-03-22 03:00:00+00:00,35.7,28.9,11.1,1.0,0.0,60.893333,0.55,86.13544,0.0,7.69592
2026-03-22 04:00:00+00:00,34.4,29.2,10.5,1.0,0.0,60.54667,0.2,88.66762,0.0,8.163749
2026-03-22 05:00:00+00:00,34.5,29.3,10.7,2.0,0.05,60.230007,0.0,90.292595,0.0,8.163749
2026-03-22 06:00:00+00:00,33.3,28.2,10.4,2.0,0.25,59.350006,1.35,86.534805,0.0,9.0018
2026-03-22 07:00:00+00:00,28.1,22.4,7.6,3.0,0.7,56.933327,3.05,80.08608,0.0,7.587806
2026-03-22 08:00:00+00:00,26.3,20.7,7.1,3.0,1.35,54.36667,5.25,72.98988,0.0,9.139322
2026-03-22 09:00:00+00:00,23.2,18.4,5.8,3.0,2.05,52.783333,7.35,66.17687,0.0,10.703569
2026-03-22 10:00:00+00:00,19.2,16.2,3.5,3.0,2.4,52.15,9.0,61.100674,0.0,12.007498
2026-03-22 11:00:00+00:00,17.4,14.4,3.5,3.0,1.8,52.833336,10.5,55.058838,0.0,12.7546215
2026-03-22 12:00:00+00:00,16.2,13.7,2.8,4.0,1.2,53.63334,11.9,49.645233,0.0,12.576836
2026-03-22 13:00:00+00:00,16.3,12.3,2.8,4.0,0.85,54.866676,12.65,47.257774,0.0,12.638512
2026-03-22 14:00:00+00:00,17.0,12.0,3.3,4.0,0.5,55.983337,12.85,44.35916,0.0,11.701385
2026-03-22 15:00:00+00:00,18.4,11.8,4.3,4.0,0.25,57.05001,12.4,45.851364,0.0,12.093534
2026-03-22 16:00:00+00:00,22.7,14.9,7.1,4.0,0.1,58.016663,11.6,49.38426,0.0,13.084402
2026-03-22 17:00:00+00:00,31.6,26.4,11.1,4.0,0.0,59.283333,10.2,55.572937,0.0,11.885453
2026-03-22 18:00:00+00:00,39.4,32.8,15.0,3.0,0.0,60.053333,9.1,61.782104,0.0,12.061341
2026-03-22 19:00:00+00:00,46.4,35.9,18.5,3.0,0.0,60.25667,8.05,68.00357,0.0,8.880405
2026-03-22 20:00:00+00:00,47.2,37.5,18.0,3.0,0.0,60.313335,7.15,72.30761,0.0,7.79215
2026-03-22 21:00:00+00:00,48.8,41.0,21.1,2.0,0.0,60.323334,6.7,69.43837,0.0,10.272623
2026-03-22 22:00:00+00:00,52.9,45.9,17.7,2.0,0.0,60.389996,6.15,66.62939,0.0,9.781473
2026-03-22 23:00:00+00:00,46.6,42.8,15.8,2.0,0.0,60.606667,5.15,68.61854,0.0,7.922045
2026-03-23 00:00:00+00:00,42.8,38.6,14.6,2.0,0.0,60.95333,3.4,75.34154,0.0,4.6730714
2026-03-23 01:00:00+00:00,43.0,38.0,14.4,2.0,0.0,61.216663,2.95,75.814926,0.0,4.8899083
2026-03-23 02:00:00+00:00,43.0,38.1,14.5,2.0,0.0,61.423332,2.45,77.12895,0.0,4.913044
2026-03-23 03:00:00+00:00,43.0,38.5,14.7,2.0,0.0,61.64666,1.85,78.746994,0.0,4.175069
2026-03-23 04:00:00+00:00,42.1,37.5,16.2,2.0,0.0,61.966663,1.45,79.26627,0.0,3.0652895
2026-03-23 05:00:00+00:00,42.9,37.3,21.1,2.0,0.05,62.24333,1.0,81.86895,0.0,3.0811036
2026-03-23 06:00:00+00:00,42.1,34.9,25.6,2.0,0.3,62.51,2.6,76.0326,0.0,3.2048087
2026-03-23 07:00:00+00:00,40.8,34.8,20.9,2.0,0.8,62.73333,4.4,70.743935,0.0,3.244996
2026-03-23 08:00:00+00:00,38.3,33.5,17.4,2.0,1.45,63.146667,6.1,66.138214,0.0,2.7475805
2026-03-23 09:00:00+00:00,34.7,30.9,18.4,3.0,2.2,63.573334,8.15,60.67544,0.0,2.3400002
2026-03-23 10:00:00+00:00,32.3,26.4,14.5,3.0,2.65,63.99,10.2,53.23318,0.0,2.226477
2026-03-23 11:00:00+00:00,27.6,23.8,11.5,3.0,2.6,64.33,11.85,45.528828,0.0,2.5455842
2026-03-23 12:00:00+00:00,24.0,16.7,9.2,4.0,2.2,64.64333,13.45,38.407173,0.0,3.6
2026-03-23 13:00:00+00:00,23.0,14.7,8.0,4.0,1.5,64.74333,13.8,35.672733,0.0,3.143565
2026-03-23 14:00:00+00:00,22.0,15.2,9.9,4.0,0.8,64.82333,13.65,35.759235,0.0,2.7238941
2026-03-23 15:00:00+00:00,24.4,17.6,13.5,4.0,0.3,64.93001,13.3,37.94559,0.0,1.9881649
2026-03-23 16:00:00+00:00,30.0,23.8,26.0,4.0,0.1,65.12334,12.15,52.06899,0.0,3.06
2026-03-23 17:00:00+00:00,42.6,34.7,44.3,4.0,0.0,65.420006,10.9,57.565674,0.0,4.471107
2026-03-23 18:00:00+00:00,58.8,53.6,51.1,3.0,0.0,65.69667,10.35,61.426025,0.0,4.072935
2026-03-23 19:00:00+00:00,79.6,73.8,63.8,3.0,0.0,66.39,9.9,63.301506,0.0,0.56920993
2026-03-23 20:00:00+00:00,113.9,99.6,65.5,3.0,0.0,67.653336,9.2,65.64801,0.0,0.40249225
2026-03-23 21:00:00+00:00,121.9,104.7,65.8,3.0,0.0,69.72333,7.6,69.12858,0.0,1.3708391
2026-03-23 22:00:00+00:00,114.5,100.5,62.9,3.0,0.0,71.846664,6.7,71.19874,0.0,2.6758924
2026-03-23 23:00:00+00:00,101.2,93.4,52.2,3.0,0.0,73.66667,6.45,71.4048,0.0,4.863332
2026-03-24 00:00:00+00:00,106.7,98.0,46.6,3.0,0.0,75.35333,6.15,69.32534,0.0,7.289445
2026-03-24 01:00:00+00:00,105.3,97.2,39.9,3.0,0.0,77.333336,5.2,71.417595,0.0,9.021574
2026-03-24 02:00:00+00:00,82.3,76.9,33.9,3.0,0.0,79.30666,4.65,73.40681,0.0,10.636766
2026-03-24 03:00:00+00:00,74.8,72.3,29.0,2.0,0.0,80.600006,4.95,72.408714,0.0,10.8792095
2026-03-24 04:00:00+00:00,78.4,71.2,32.8,3.0,0.0,81.72667,4.9,72.39919,0.0,11.265469
2026-03-24 05:00:00+00:00,86.7,74.1,37.9,3.0,0.05,82.85,5.05,71.646866,0.0,10.957847
2026-03-24 06:00:00+00:00,86.7,80.1,34.7,3.0,0.3,84.076675,5.25,70.40224,0.0,11.27553
2026-03-24 07:00:00+00:00,80.0,68.3,28.4,3.0,0.8,85.583336,6.4,68.63307,0.0,9.743305
2026-03-24 08:00:00+00:00,65.9,54.5,28.7,3.0,1.45,86.7,8.3,64.06236,0.0,9.422101
2026-03-24 09:00:00+00:00,55.0,43.5,25.2,3.0,1.85,87.399994,10.3,57.41264,0.0,8.821836
2026-03-24 10:00:00+00:00,42.4,36.0,17.2,3.0,2.1,87.81999,11.0,54.023727,0.0,7.388775
2026-03-24 11:00:00+00:00,37.3,29.9,15.3,4.0,1.8,88.14,12.1,47.611702,0.0,6.1226463
2026-03-24 12:00:00+00:00,31.5,25.2,11.8,4.0,0.95,88.34334,12.85,41.11902,0.0,5.8048253
2026-03-24 13:00:00+00:00,26.1,22.1,10.5,4.0,0.8,88.62667,13.05,39.999844,0.0,5.2478566
2026-03-24 14:00:00+00:00,23.8,20.7,14.4,4.0,0.6,88.87333,13.1,39.150948,0.0,5.1826253
2026-03-24 15:00:00+00:00,24.5,20.4,19.3,3.0,0.25,89.05666,12.95,39.39277,0.0,6.3690495
2026-03-24 16:00:00+00:00,34.2,27.8,34.0,3.0,0.1,89.15,11.85,46.35782,0.0,7.388775
2026-03-24 17:00:00+00:00,54.6,40.3,50.5,3.0,0.0,89.28333,10.2,51.53607,0.0,8.0899935
2026-03-24 18:00:00+00:00,62.4,58.3,50.7,3.0,0.0,89.47,9.45,53.030144,0.0,9.659814
2026-03-24 19:00:00+00:00,76.8,71.8,51.0,3.0,0.0,89.62668,8.3,56.89747,0.0,9.4238205
2026-03-24 20:00:00+00:00,89.8,77.7,44.4,3.0,0.0,89.560005,7.4,60.49119,0.0,6.193674
2026-03-24 21:00:00+00:00,98.4,86.4,43.4,3.0,0.0,88.83,6.35,66.433105,0.0,5.0432134
2026-03-24 22:00:00+00:00,95.8,84.1,41.6,3.0,0.0,88.22,5.1,70.117615,0.0,4.846648
2026-03-24 23:00:00+00:00,73.1,68.7,30.5,3.0,0.0,87.67334,4.3,71.76105,0.0,5.154415
2026-03-25 00:00:00+00:00,59.0,55.1,20.9,3.0,0.0,86.850006,3.55,74.0078,0.0,5.402999
2026-03-25 01:00:00+00:00,57.0,53.5,19.2,3.0,0.0,85.42,2.7,74.396255,0.0,5.12289
2026-03-25 02:00:00+00:00,52.6,48.0,16.7,3.0,0.0,83.963326,2.1,76.78883,0.0,5.12289
2026-03-25 03:00:00+00:00,45.9,41.3,14.5,2.0,0.0,83.0,1.95,76.201096,0.0,5.5450516
2026-03-25 04:00:00+00:00,41.7,32.8,15.3,2.0,0.0,81.96667,2.05,75.65941,0.0,5.8409934
2026-03-25 05:00:00+00:00,38.4,32.1,21.3,2.0,0.05,80.686676,2.2,75.407684,0.0,5.2478566
2026-03-25 06:00:00+00:00,44.1,34.4,24.8,2.0,0.3,79.28667,4.45,67.72429,0.0,6.8423676
2026-03-25 07:00:00+00:00,34.2,25.8,26.9,2.0,0.8,77.763336,7.4,61.817223,0.0,6.9899354
2026-03-25 08:00:00+00:00,29.3,21.0,19.4,2.0,1.4,76.34667,10.95,52.865353,0.0,5.9834766
2026-03-25 09:00:00+00:00,20.1,16.0,13.2,2.0,2.1,75.23,13.35,43.86975,0.0,8.461914
2026-03-25 10:00:00+00:00,15.6,12.8,6.7,2.0,2.6,74.31333,15.2,34.67367,0.0,10.062305
2026-03-25 11:00:00+00:00,14.0,10.4,5.2,2.0,2.75,73.54,15.9,32.555477,0.0,10.946013
2026-03-25 12:00:00+00:00,14.2,10.7,5.4,2.0,2.5,72.89,16.45,31.77891,0.0,11.119281
2026-03-25 13:00:00+00:00,15.0,12.4,4.6,2.0,1.35,72.40667,16.5,31.106424,0.0,11.583109
2026-03-25 14:00:00+00:00,15.8,12.1,4.9,3.0,0.65,72.083336,16.8,29.640675,0.0,14.410121
2026-03-25 15:00:00+00:00,17.0,13.4,9.6,3.0,0.4,71.79666,16.05,33.682194,0.0,13.392774
2026-03-25 16:00:00+00:00,24.1,17.4,17.6,3.0,0.1,71.56333,14.3,39.789375,0.0,12.221457
2026-03-25 17:00:00+00:00,32.5,24.0,22.9,3.0,0.0,71.21667,12.0,47.926163,0.0,8.067936
2026-03-25 18:00:00+00:00,43.0,36.0,27.8,3.0,0.0,70.67333,11.2,49.272354,0.0,7.9932966
2026-03-25 19:00:00+00:00,43.9,37.1,24.7,3.0,0.0,69.93,10.65,54.706543,0.0,5.8631387
2026-03-25 20:00:00+00:00,33.3,27.9,17.8,3.0,0.0,68.77334,10.3,61.63131,0.0,4.198285
2026-03-25 21:00:00+00:00,29.0,21.4,10.4,3.0,0.0,67.113335,10.0,56.11984,0.0,4.6834598
2026-03-25 22:00:00+00:00,27.2,20.9,10.8,3.0,0.0,64.94666,9.1,62.00256,0.0,7.344794
2026-03-25 23:00:00+00:00,25.1,21.1,9.9,2.0,0.0,62.84,8.6,69.82445,0.0,7.02
2026-03-26 00:00:00+00:00,24.9,23.9,11.5,2.0,0.0,61.253334,8.3,75.91012,0.1,2.5455842
2026-03-26 01:00:00+00:00,28.0,26.7,12.0,1.0,0.0,60.213337,7.85,82.18673,0.2,8.557102
2026-03-26 02:00:00+00:00,28.1,24.9,14.2,1.0,0.0,56.600006,6.95,93.349655,1.3,4.0249224
2026-03-26 03:00:00+00:00,26.5,23.8,13.1,1.0,0.0,52.75,6.4,94.2972,1.6,7.689603
2026-03-26 04:00:00+00:00,23.0,19.2,13.0,1.0,0.0,49.833336,6.45,93.97323,0.6,7.24486
2026-03-26 05:00:00+00:00,21.8,18.5,18.3,1.0,0.0,47.566658,6.0,94.27939,1.3,11.032987
2026-03-26 06:00:00+00:00,23.5,19.2,22.6,0.0,0.1,45.299995,5.7,93.28481,1.3,10.873251
2026-03-26 07:00:00+00:00,19.3,16.4,22.2,0.0,0.15,42.766663,5.9,94.60346,1.0,12.337553
2026-03-26 08:00:00+00:00,15.8,12.3,15.5,0.0,0.25,41.199997,5.3,95.574394,1.2,13.926464
2026-03-26 09:00:00+00:00,11.4,8.8,9.8,0.0,0.35,39.874996,4.4,92.23478,0.7,17.49337
2026-03-26 10:00:00+00:00,8.4,6.5,7.8,0.0,0.4,39.274998,4.0,91.559326,0.4,15.188415
2026-03-26 11:00:00+00:00,6.6,5.6,6.9,0.0,0.4,38.749996,4.55,86.858116,0.5,18.431332
2026-03-26 12:00:00+00:00,6.4,5.7,6.5,0.0,0.6,38.35,3.55,92.51145,0.6,11.571914
2026-03-26 13:00:00+00:00,8.5,7.1,6.8,0.0,0.35,37.93333,3.7,93.84214,1.1,12.267763
2026-03-26 14:00:00+00:00,8.8,7.3,7.3,0.0,0.2,37.491665,3.6,94.50503,0.8,11.592895
2026-03-26 15:00:00+00:00,9.4,8.0,8.3,0.0,0.1,37.091663,3.85,94.182106,0.5,10.30883
2026-03-26 16:00:00+00:00,11.9,9.9,9.6,0.0,0.05,36.641666,3.85,91.549484,0.9,10.32924
2026-03-26 17:00:00+00:00,15.5,13.5,13.1,0.0,0.0,36.016666,3.45,92.835144,0.9,8.707237
2026-03-26 18:00:00+00:00,16.6,14.5,16.6,0.0,0.0,35.141666,3.35,92.49973,0.7,7.3094187
2026-03-26 19:00:00+00:00,19.5,16.5,17.2,0.0,0.0,33.35,3.55,91.52975,0.4,5.991594
2026-03-26 20:00:00+00:00,22.6,18.8,16.5,0.0,0.0,31.633331,3.45,93.83002,0.5,6.12
2026-03-26 21:00:00+00:00,23.4,20.8,16.4,0.0,0.0,30.874998,3.2,96.5224,0.5,7.9526596
2026-03-26 22:00:00+00:00,22.7,18.6,15.0,0.0,0.0,30.824997,3.2,96.5224,0.2,5.3426957
2026-03-26 23:00:00+00:00,18.3,14.9,8.3,0.0,0.0,30.633331,3.6,92.51438,0.0,4.913044
2026-03-27 00:00:00+00:00,15.9,12.6,7.0,0.0,0.0,30.116663,3.25,94.154526,0.0,6.7469993
2026-03-27 01:00:00+00:00,16.2,12.5,6.9,0.0,0.0,29.174997,3.15,94.485435,0.1,7.7983837
2026-03-27 02:00:00+00:00,16.5,12.9,6.3,0.0,0.0,27.991667,3.2,89.8868,0.0,9.085988
2026-03-27 03:00:00+00:00,16.0,12.9,5.4,0.0,0.0,26.991669,3.3,84.27539,0.0,11.688918
2026-03-27 04:00:00+00:00,15.3,12.7,5.4,0.0,0.0,26.083334,3.65,79.596146,0.0,11.712455
2026-03-27 05:00:00+00:00,16.1,13.3,6.2,0.0,0.0,25.541666,3.85,81.9528,0.0,12.399113
2026-03-27 06:00:00+00:00,16.1,14.0,8.0,0.0,0.05,25.108334,3.45,87.05959,0.3,14.205182
2026-03-27 07:00:00+00:00,14.8,13.5,9.3,0.0,0.15,25.2,3.25,92.493866,0.4,17.020235
2026-03-27 08:00:00+00:00,13.6,11.7,9.0,0.0,0.3,26.800001,3.15,92.81827,0.5,15.702356
2026-03-27 09:00:00+00:00,13.4,10.8,8.3,0.0,0.4,26.0,3.0,93.141525,0.6,14.810401
2026-03-27 10:00:00+00:00,12.3,9.5,8.9,0.0,0.45,26.399998,2.65,94.463585,0.9,12.410866
2026-03-27 11:00:00+00:00,11.4,8.6,7.3,0.0,0.45,27.6,2.85,93.46658,0.9,10.644379
2026-03-27 12:00:00+00:00,10.5,8.2,7.0,0.0,0.4,28.0,2.45,93.781166,1.0,8.604301
2026-03-27 13:00:00+00:00,12.9,8.5,9.9,0.0,0.25,26.800001,2.75,91.476814,0.59999996,7.9036193
2026-03-27 14:00:00+00:00,12.9,10.0,9.3,0.0,0.2,27.2,2.85,92.47032,0.6,8.452336
2026-03-27 15:00:00+00:00,14.9,11.9,11.6,0.0,0.15,27.6,2.85,93.46658,0.7,6.7397914
2026-03-27 16:00:00+00:00,15.2,12.6,12.7,0.0,0.05,27.6,2.7,95.482285,0.7,6.037383
2026-03-27 17:00:00+00:00,21.0,17.1,15.7,1.0,0.0,28.0,2.5,96.50288,0.5,8.827343
2026-03-27 18:00:00+00:00,24.5,20.5,13.3,1.0,0.0,26.800001,2.3,96.49727,0.2,10.316686
2026-03-27 19:00:00+00:00,25.7,23.0,14.4,1.0,0.0,26.949999,2.45,95.13271,0.2,8.171683
2026-03-27 20:00:00+00:00,29.8,25.1,14.2,1.0,0.0,27.491669,2.4,95.813255,0.6,9.354806
2026-03-27 21:00:00+00:00,29.1,26.0,15.0,0.0,0.0,28.016666,2.2,96.84006,0.6,10.920824
2026-03-27 22:00:00+00:00,26.5,24.8,14.4,0.0,0.0,28.449997,2.1,96.83752,0.2,11.226575
2026-03-27 23:00:00+00:00,23.1,18.1,10.5,0.0,0.0,28.966667,2.25,95.124954,0.1,10.24578
2026-03-28 00:00:00+00:00,20.5,15.7,9.1,0.0,0.0,29.233332,2.05,95.45881,0.1,10.993271
2026-03-28 01:00:00+00:00,20.6,14.8,7.9,1.0,0.0,29.491669,2.4,94.11512,0.0,8.951267
2026-03-28 02:00:00+00:00,19.7,14.7,7.3,0.0,0.0,29.683334,2.5,93.783615,0.0,7.1208143
2026-03-28 03:00:00+00:00,19.0,14.4,6.2,0.0,0.0,29.833334,2.5,94.45699,0.0,6.452441
2026-03-28 04:00:00+00:00,18.7,14.8,7.1,0.0,0.0,29.958334,2.55,94.1221,0.0,6.5049515
2026-03-28 05:00:00+00:00,20.0,14.2,7.6,0.0,0.05,30.133333,2.75,92.79569,0.0,5.7599998
2026-03-28 06:00:00+00:00,18.9,15.2,8.4,0.0,0.2,30.208336,3.05,93.810555,0.0,5.8631387
2026-03-28 07:00:00+00:00,16.9,13.5,7.8,0.0,0.45,30.308334,4.1,86.81335,0.0,4.942631
2026-03-28 08:00:00+00:00,16.5,12.9,7.7,1.0,0.75,30.308334,5.15,80.38822,0.0,5.293959
2026-03-28 09:00:00+00:00,16.7,12.2,6.7,1.0,1.0,30.408335,6.35,75.04374,0.0,5.020677
2026-03-28 10:00:00+00:00,17.1,12.1,6.4,1.0,1.2,30.525002,8.4,68.561226,0.0,5.1544156
2026-03-28 11:00:00+00:00,17.4,12.3,5.6,1.0,1.0,30.741669,10.15,64.48448,0.0,6.5248446
2026-03-28 12:00:00+00:00,17.4,12.2,5.7,1.0,1.35,31.05,8.5,71.54786,0.0,5.9644947
2026-03-28 13:00:00+00:00,18.7,12.7,6.7,1.0,0.8,31.383339,9.2,71.431595,0.2,4.86
2026-03-28 14:00:00+00:00,19.6,13.2,6.2,1.0,0.55,31.733337,9.75,69.32399,0.0,1.8089776
2026-03-28 15:00:00+00:00,20.8,14.8,6.9,1.0,0.25,32.000004,9.85,70.812126,0.0,3.06
2026-03-28 16:00:00+00:00,24.2,19.0,9.5,1.0,0.05,32.24167,9.3,76.8734,0.0,1.5484185
2026-03-28 17:00:00+00:00,31.9,28.0,14.1,1.0,0.0,32.775,7.6,83.30777,0.4,4.965521
2026-03-28 18:00:00+00:00,38.8,34.3,16.9,2.0,0.0,33.683334,6.8,85.87164,0.4,5.223103
2026-03-28 19:00:00+00:00,42.7,34.9,17.5,2.0,0.0,34.833332,6.4,87.650734,0.0,7.2044983
2026-03-28 20:00:00+00:00,43.0,39.9,19.3,2.0,0.0,35.825,5.7,89.449974,0.0,9.659814
2026-03-28 21:00:00+00:00,44.7,36.9,19.6,2.0,0.0,37.05833,5.35,90.36957,0.0,12.081473
2026-03-28 22:00:00+00:00,36.5,29.4,15.4,2.0,0.0,37.966663,4.85,92.2619,0.0,13.229693
2026-03-28 23:00:00+00:00,30.0,25.1,11.6,1.0,0.0,38.349995,4.45,93.87832,0.0,13.397612
2026-03-29 00:00:00+00:00,28.1,24.3,10.1,1.0,0.0,38.93333,4.75,96.903786,0.1,14.973576
2026-03-29 01:00:00+00:00,27.3,24.3,11.1,1.0,0.0,39.649998,4.55,97.23919,0.1,14.761098
2026-03-29 02:00:00+00:00,28.2,24.3,9.9,1.0,0.0,40.883324,4.25,96.89144,0.1,15.7754345
2026-03-29 03:00:00+00:00,29.2,25.4,11.4,1.0,0.0,42.48333,4.2,96.21087,0.0,14.193772
2026-03-29 04:00:00+00:00,28.5,23.8,11.4,1.0,0.0,44.316658,3.7,96.195786,0.1,13.971756
2026-03-29 05:00:00+00:00,27.0,22.3,10.8,1.0,0.05,45.816658,3.7,96.195786,0.1,14.275713
2026-03-29 06:00:00+00:00,23.2,20.0,10.2,1.0,0.3,47.166656,3.95,95.19029,0.1,12.849528
2026-03-29 07:00:00+00:00,22.1,18.2,7.9,1.0,0.6,47.966652,5.0,87.82942,0.1,12.936227
2026-03-29 08:00:00+00:00,21.6,17.7,6.1,1.0,1.05,48.749992,6.75,78.649536,0.1,13.577776
2026-03-29 09:00:00+00:00,20.8,15.7,6.1,1.0,1.55,49.549988,8.75,68.15098,0.0,11.13384
2026-03-29 10:00:00+00:00,20.1,15.0,6.1,1.0,2.3,50.133324,9.85,66.723,0.0,11.341428
2026-03-29 11:00:00+00:00,19.7,14.3,4.5,2.0,2.4,50.61666,11.3,62.30393,0.0,10.436895
2026-03-29 12:00:00+00:00,20.1,13.9,4.8,2.0,1.25,50.94999,11.1,58.85068,0.0,11.966954
2026-03-29 13:00:00+00:00,20.4,14.7,4.4,2.0,0.8,51.23333,10.8,61.31754,0.0,14.174356
2026-03-29 14:00:00+00:00,21.3,15.4,5.2,2.0,0.35,51.566673,10.45,64.32621,0.0,13.089354
2026-03-29 15:00:00+00:00,22.3,16.9,5.9,2.0,0.15,51.933327,10.65,64.82403,0.0,11.276967
2026-03-29 16:00:00+00:00,23.7,19.4,6.9,1.0,0.05,52.283333,10.55,64.80158,0.0,11.753877
2026-03-29 17:00:00+00:00,25.0,20.8,8.5,1.0,0.0,52.350006,9.2,69.6999,0.0,12.3165245
2026-03-29 18:00:00+00:00,26.0,19.3,8.9,1.0,0.0,51.149994,7.75,75.02143,0.0,14.975741
2026-03-29 19:00:00+00:00,25.5,20.1,7.2,1.0,0.0,48.65,6.65,78.35697,0.0,15.606114
2026-03-29 20:00:00+00:00,25.7,20.5,7.1,1.0,0.0,46.183327,5.7,81.61597,0.0,14.230248
2026-03-29 21:00:00+00:00,22.1,17.7,7.7,0.0,0.0,42.949997,5.3,83.0236,0.0,13.350371
2026-03-29 22:00:00+00:00,21.1,18.5,8.3,0.0,0.0,39.874996,5.4,83.33095,0.0,12.261158
2026-03-29 23:00:00+00:00,17.7,16.1,6.2,0.0,0.0,38.966663,5.2,85.097374,0.2,12.059999
2026-03-30 00:00:00+00:00,17.4,15.3,5.8,0.0,0.0,38.216663,4.75,86.87795,0.2,13.529966
2026-03-30 01:00:00+00:00,16.2,14.2,5.9,0.0,0.0,37.466663,4.6,88.10418,0.1,12.452566
2026-03-30 02:00:00+00:00,17.2,14.3,6.5,0.0,0.0,36.624996,4.35,90.29525,0.1,11.700001
2026-03-30 03:00:00+00:00,19.2,16.0,8.0,0.0,0.0,35.791664,4.05,91.88759,0.1,12.966248
2026-03-30 04:00:00+00:00,21.2,17.8,10.6,1.0,0.0,35.00833,3.8,92.52606,0.0,12.906138
2026-03-30 05:00:00+00:00,24.3,19.4,12.8,0.0,0.05,34.50833,3.65,92.84635,0.1,11.749741
2026-03-30 06:00:00+00:00,26.8,21.3,19.5,0.0,0.25,34.266666,3.9,90.905106,0.0,9.321845
2026-03-30 07:00:00+00:00,28.3,22.6,21.4,0.0,0.65,34.374996,4.25,89.64984,0.0,7.69592
2026-03-30 08:00:00+00:00,28.6,20.6,18.8,0.0,1.0,34.741665,4.7,83.244545,0.0,6.1226463
2026-03-30 09:00:00+00:00,26.0,20.0,17.1,0.0,1.05,34.983334,4.6,82.3457,0.1,7.0591216
2026-03-30 10:00:00+00:00,22.7,19.6,14.8,0.0,0.95,35.341663,5.1,77.55879,0.1,6.379216
2026-03-30 11:00:00+00:00,21.8,18.5,13.6,0.0,0.75,35.725002,5.95,70.7966,0.0,4.7827187
2026-03-30 12:00:00+00:00,20.4,16.7,12.8,0.0,0.45,36.075,5.4,75.68716,0.0,8.099999
2026-03-30 13:00:00+00:00,18.6,15.0,12.0,1.0,0.4,36.308334,5.25,77.02948,0.1,8.467655
2026-03-30 14:00:00+00:00,18.3,14.8,11.8,1.0,0.25,36.333332,5.35,75.13778,0.2,7.458606
2026-03-30 15:00:00+00:00,21.8,16.6,16.3,1.0,0.1,36.283337,5.25,79.83137,0.5,7.970972
2026-03-30 16:00:00+00:00,30.7,23.9,19.8,1.0,0.05,36.258335,4.35,91.90648,0.5,6.9480934
2026-03-30 17:00:00+00:00,43.0,33.7,34.9,0.0,0.0,36.633335,3.95,94.52017,0.4,6.763786
2026-03-30 18:00:00+00:00,57.3,44.8,41.9,0.0,0.0,37.708336,3.8,95.85968,0.5,7.16617
2026-03-30 19:00:00+00:00,68.4,59.7,39.8,0.0,0.0,39.833336,3.7,95.85638,0.5,6.391901
2026-03-30 20:00:00+00:00,73.0,59.2,44.7,0.0,0.0,46.26667,3.5,96.530716,0.6,6.444905
2026-03-30 21:00:00+00:00,66.4,54.8,39.7,0.0,0.0,52.716675,3.4,96.87029,0.6,5.991594
2026-03-30 22:00:00+00:00,48.8,44.3,20.7,0.0,0.0,58.9,3.4,96.527954,0.7,6.5520988
2026-03-30 23:00:00+00:00,20.4,18.1,8.9,0.0,0.0,60.64,3.3,95.16547,0.8,8.759178
2026-03-31 00:00:00+00:00,19.2,17.3,9.5,0.0,0.0,60.70667,2.7,97.198006,0.7,8.6867485
2026-03-31 01:00:00+00:00,16.8,14.7,6.7,0.0,0.0,60.773335,2.55,98.58848,0.9,11.190442
2026-03-31 02:00:00+00:00,15.3,13.3,6.8,0.0,0.0,60.79,2.15,99.64429,1.1,10.158444
2026-03-31 03:00:00+00:00,14.1,12.2,6.9,0.0,0.0,60.756664,2.35,97.53749,0.9,9.801326
2026-03-31 04:00:00+00:00,14.6,12.9,8.0,0.0,0.0,60.629997,2.7,97.891914,0.8,8.936777
2026-03-31 05:00:00+00:00,14.5,12.0,9.7,0.0,0.0,60.466667,2.8,97.54639,1.0,8.953078
2026-03-31 06:00:00+00:00,15.2,12.3,10.5,0.0,0.1,60.22,2.15,97.533516,0.9,9.360001
2026-03-31 07:00:00+00:00,13.2,11.4,11.5,0.0,0.2,59.600006,2.65,97.89106,0.8,10.484903
2026-03-31 08:00:00+00:00,12.5,11.4,13.5,0.0,0.4,57.733337,3.25,96.18213,0.8,11.091564
2026-03-31 09:00:00+00:00,12.1,11.2,10.7,0.0,0.6,56.200012,4.05,92.54064,0.8,12.830604
2026-03-31 10:00:00+00:00,12.7,11.8,9.3,0.0,0.75,54.733337,5.25,85.40462,0.5,13.433838
2026-03-31 11:00:00+00:00,15.3,14.1,9.0,0.0,0.8,53.433342,5.7,83.07352,0.4,13.529966
2026-03-31 12:00:00+00:00,14.4,13.2,8.2,0.0,0.75,52.69999,6.2,78.56554,0.3,13.089354
2026-03-31 13:00:00+00:00,14.5,12.6,8.2,0.0,0.5,52.11666,6.4,76.94259,0.2,13.243156
2026-03-31 14:00:00+00:00,14.0,12.6,10.0,0.0,0.3,51.716652,6.55,77.2402,0.2,12.682018
2026-03-31 15:00:00+00:00,16.3,13.7,14.4,0.0,0.15,51.349983,6.45,74.794586,0.1,10.739832
2026-03-31 16:00:00+00:00,21.8,15.9,24.7,0.0,0.05,50.86666,6.1,74.73302,0.1,11.681987
2026-03-31 17:00:00+00:00,29.7,27.5,29.2,0.0,0.0,49.533333,5.45,78.17084,0.1,11.298495
2026-03-31 18:00:00+00:00,39.4,30.1,32.2,0.0,0.0,48.5,5.35,82.44273,0.1,10.759423
2026-03-31 19:00:00+00:00,34.2,26.1,22.6,0.0,0.0,46.049995,5.05,84.4793,0.0,10.209348
2026-03-31 20:00:00+00:00,31.3,23.8,15.8,0.0,0.0,40.450005,4.55,86.55016,0.0,11.052058
2026-03-31 21:00:00+00:00,26.5,21.3,15.0,0.0,0.0,37.275,4.5,86.85315,0.0,10.316686
2026-03-31 22:00:00+00:00,22.2,18.2,12.3,0.0,0.0,34.483334,4.55,84.12114,0.0,8.905908
2026-03-31 23:00:00+00:00,19.2,13.5,8.8,0.0,0.0,32.308334,4.65,79.74361,0.0,7.5213294
2026-04-01 00:00:00+00:00,18.1,13.9,8.1,0.0,0.0,31.925001,4.65,75.01529,0.0,8.805294
2026-04-01 01:00:00+00:00,16.9,13.7,7.0,0.0,0.0,31.641665,4.2,76.028625,0.0,7.6367526
2026-04-01 02:00:00+00:00,16.3,13.5,6.7,0.0,0.0,31.558334,3.8,76.51339,0.0,6.8423676
2026-04-01 03:00:00+00:00,17.0,13.7,7.2,0.0,0.0,31.574997,3.3,77.54941,0.0,6.050785
2026-04-01 04:00:00+00:00,19.0,14.8,9.1,0.0,0.0,31.700003,2.65,77.7276,0.0,5.4744864
2026-04-01 05:00:00+00:00,21.9,16.7,14.3,0.0,0.1,31.858332,2.3,78.52877,0.0,5.7628117
2026-04-01 06:00:00+00:00,21.1,13.9,15.8,0.0,0.45,32.250004,3.4,76.7248,0.0,5.4119864
2026-04-01 07:00:00+00:00,19.5,11.6,11.1,0.0,1.05,32.383335,4.75,70.046555,0.0,5.2323985
2026-04-01 08:00:00+00:00,18.0,11.6,9.3,0.0,1.5,32.400005,6.0,65.40114,0.0,6.763786
2026-04-01 09:00:00+00:00,16.6,10.0,8.0,0.0,1.3,32.41667,6.55,64.119446,0.0,7.342588
2026-04-01 10:00:00+00:00,15.4,8.8,6.7,0.0,0.95,32.31667,6.45,66.936035,0.1,6.5223618
2026-04-01 11:00:00+00:00,13.7,9.1,6.2,0.0,0.7,32.06667,6.9,66.55408,0.1,6.12
2026-04-01 12:00:00+00:00,14.2,9.4,6.3,0.0,0.95,31.650002,6.65,70.935005,0.2,8.777654
2026-04-01 13:00:00+00:00,13.4,9.1,7.4,0.0,0.4,31.333334,6.75,71.46311,0.5,9.580668
2026-04-01 14:00:00+00:00,15.5,11.0,11.1,0.0,0.25,31.041664,6.65,76.169334,0.5,8.107996
2026-04-01 15:00:00+00:00,19.0,14.2,15.8,0.0,0.1,30.908333,6.25,85.213425,0.4,11.886816
2026-04-01 16:00:00+00:00,23.0,18.9,24.3,0.0,0.05,30.949997,6.1,86.09957,0.0,10.706596
2026-04-01 17:00:00+00:00,33.8,28.9,26.3,0.0,0.0,31.199999,6.2,85.20793,0.0,7.120815
2026-04-01 18:00:00+00:00,38.8,33.9,28.9,0.0,0.0,31.316666,5.75,87.89833,0.0,5.692099
2026-04-01 19:00:00+00:00,40.4,35.6,28.1,0.0,0.0,31.633335,6.3,78.85964,0.0,4.0249224
2026-04-01 20:00:00+00:00,38.0,34.2,24.6,1.0,0.0,32.425003,6.5,68.4078,0.0,4.829907
2026-04-01 21:00:00+00:00,32.4,26.9,19.0,1.0,0.0,33.291668,6.9,68.24691,0.0,5.920878
