obserwacja_id,sklep_id,produkt_id,tydzien,kategoria,typ_sklepu,promocja,nowy_produkt,sprzedaz_rzeczywista,prognoza_bazowa,prognoza_alternatywna,blad_bazowy,blad_alternatywny,abs_blad_bazowy,abs_blad_alternatywny
739,1023,2059,20,napoje,maly,0,0,32,15,45,-17,13,17,13
221,1133,2029,31,nabial,sredni,0,0,52,30,35,-22,-17,22,17
93,1077,2006,9,nabial,duzy,0,0,64,115,70,51,6,51,6
824,1018,2016,24,napoje,maly,0,0,23,30,25,7,2,7,2
874,1045,2014,3,slodycze,sredni,0,0,25,25,30,0,5,0,5
234,1080,2034,40,przekaski,duzy,0,1,8,25,60,17,52,17,52
199,1077,2002,40,nabial,sredni,1,1,15,25,50,10,35,10,35
657,1023,2086,13,przekaski,duzy,0,0,20,20,20,0,0,0,0
104,1010,2016,41,slodycze,sredni,0,0,0,25,50,25,50,25,50
841,1071,2070,39,przekaski,maly,0,0,11,10,20,-1,9,1,9
773,1135,2065,23,napoje,dyskont,0,0,107,170,125,63,18,63,18
670,1030,2008,45,nabial,sredni,0,0,24,30,30,6,6,6,6
619,1025,2014,13,slodycze,sredni,0,0,29,30,40,1,11,1,11
448,1004,2015,16,nabial,dyskont,0,0,103,145,110,42,7,42,7
403,1007,2086,25,napoje,duzy,1,0,1106,85,125,-1021,-981,1021,981
122,1136,2019,41,nabial,maly,0,0,0,20,55,20,55,20,55
204,1001,2039,37,nabial,maly,1,1,20,15,20,-5,0,5,0
332,1058,2076,15,slodycze,sredni,0,0,0,35,105,35,105,35,105
894,1061,2002,33,nabial,duzy,1,0,95,95,110,0,15,0,15
685,1098,2052,14,napoje,sredni,0,0,42,25,55,-17,13,17,13
349,1067,2019,12,slodycze,maly,0,0,18,30,15,12,-3,12,3
697,1058,2082,3,chemia,duzy,0,0,15,45,35,30,20,30,20
438,1108,2006,51,slodycze,maly,0,0,0,10,55,10,55,10,55
579,1113,2046,46,chemia,sredni,0,0,20,20,15,0,-5,0,5
473,1063,2005,16,slodycze,maly,0,0,31,20,20,-11,-11,11,11
142,1081,2017,43,napoje,duzy,0,0,56,95,100,39,44,39,44
805,1073,2070,12,przekaski,dyskont,0,0,108,110,95,2,-13,2,13
322,1053,2085,26,przekaski,sredni,0,0,30,40,25,10,-5,10,5
812,1137,2062,35,nabial,maly,0,0,30,30,15,0,-15,0,15
389,1083,2062,40,nabial,duzy,0,1,63,25,35,-38,-28,38,28
75,1010,2013,39,napoje,maly,1,0,30,35,25,5,-5,5,5
649,1086,2036,20,napoje,duzy,1,0,82,215,185,133,103,133,103
299,1011,2034,26,nabial,maly,0,0,25,30,25,5,0,5,0
861,1046,2077,1,slodycze,maly,0,0,21,10,15,-11,-6,11,6
135,1107,2025,5,slodycze,sredni,1,0,25,35,20,10,-5,10,5
168,1050,2085,51,nabial,duzy,0,0,43,60,80,17,37,17,37
667,1120,2047,39,chemia,sredni,0,0,11,25,15,14,4,14,4
263,1030,2080,38,slodycze,maly,0,0,20,10,10,-10,-10,10,10
816,1024,2002,31,chemia,sredni,0,1,8,10,10,2,2,2,2
546,1071,2041,25,napoje,sredni,0,0,110,60,55,-50,-55,50,55
873,1027,2083,27,przekaski,maly,0,0,10,25,20,15,10,15,10
283,1026,2019,51,napoje,sredni,1,0,111,90,85,-21,-26,21,26
779,1040,2057,9,slodycze,duzy,1,0,53,115,90,62,37,62,37
788,1098,2067,9,chemia,maly,0,0,27,10,15,-17,-12,17,12
453,1027,2074,18,napoje,sredni,0,0,62,65,45,3,-17,3,17
796,1139,2026,2,slodycze,duzy,0,0,90,105,85,15,-5,15,5
284,1139,2019,25,nabial,dyskont,0,0,68,95,100,27,32,27,32
733,1015,2051,19,napoje,maly,0,0,14,20,30,6,16,6,16
876,1100,2072,28,napoje,duzy,0,1,42,30,40,-12,-2,12,2
550,1085,2065,36,chemia,dyskont,1,0,47,65,85,18,38,18,38
238,1020,2010,20,przekaski,duzy,0,0,32,55,20,23,-12,23,12
865,1110,2054,26,przekaski,dyskont,0,0,63,95,45,32,-18,32,18
17,1073,2080,30,nabial,dyskont,0,0,68,105,60,37,-8,37,8
490,1049,2049,50,nabial,maly,0,0,20,15,10,-5,-10,5,10
738,1112,2075,37,napoje,maly,0,0,17,5,20,-12,3,12,3
160,1114,2016,25,przekaski,dyskont,0,0,109,85,75,-24,-34,24,34
561,1050,2028,6,przekaski,sredni,0,1,16,15,30,-1,14,1,14
431,1058,2079,18,slodycze,maly,0,0,17,20,25,3,8,3,8
355,1083,2015,48,napoje,sredni,0,0,58,50,40,-8,-18,8,18
385,1082,2052,27,slodycze,sredni,0,0,21,15,35,-6,14,6,14
809,1053,2009,27,slodycze,maly,0,0,16,20,15,4,-1,4,1
647,1042,2043,43,chemia,maly,0,0,11,15,10,4,-1,4,1
570,1135,2085,16,slodycze,sredni,0,0,35,30,45,-5,10,5,10
92,1056,2018,18,chemia,maly,0,0,16,10,15,-6,-1,6,1
596,1053,2073,46,napoje,sredni,0,0,18,40,35,22,17,22,17
755,1106,2012,52,slodycze,maly,0,0,32,15,15,-17,-17,17,17
892,1062,2061,49,slodycze,maly,0,0,13,20,15,7,2,7,2
350,1083,2087,12,napoje,maly,0,1,17,10,45,-7,28,7,28
244,1027,2013,20,napoje,sredni,1,0,63,75,90,12,27,12,27
57,1069,2031,15,nabial,dyskont,0,0,57,100,100,43,43,43,43
681,1063,2028,21,slodycze,maly,0,0,68,30,15,-38,-53,38,53
53,1018,2035,30,napoje,duzy,0,0,56,55,95,-1,39,1,39
152,1032,2078,8,przekaski,dyskont,0,0,55,100,65,45,10,45,10
622,1110,2016,24,napoje,sredni,1,0,76,65,55,-11,-21,11,21
466,1096,2026,1,slodycze,maly,0,0,18,15,15,-3,-3,3,3
318,1045,2052,1,nabial,duzy,0,1,60,45,50,-15,-10,15,10
326,1056,2012,21,napoje,dyskont,0,0,63,115,95,52,32,52,32
427,1061,2061,48,nabial,sredni,0,0,12,45,25,33,13,33,13
751,1066,2047,49,slodycze,maly,0,0,12,15,10,3,-2,3,2
7,1095,2019,22,napoje,sredni,0,0,53,70,75,17,22,17,22
540,1026,2022,34,napoje,duzy,1,0,60,100,60,40,0,40,0
285,1110,2046,21,napoje,duzy,0,0,0,65,175,65,175,65,175
306,1092,2063,43,chemia,duzy,0,1,115,25,25,-90,-90,90,90
854,1021,2053,8,nabial,dyskont,0,0,0,240,195,240,195,240,195
598,1002,2024,25,slodycze,sredni,0,0,19,30,35,11,16,11,16
536,1012,2066,26,nabial,sredni,0,0,33,35,20,2,-13,2,13
639,1093,2071,14,nabial,sredni,0,0,21,50,50,29,29,29,29
713,1132,2045,25,slodycze,maly,0,0,20,10,20,-10,0,10,0
339,1115,2029,4,napoje,dyskont,1,0,118,195,165,77,47,77,47
200,1022,2043,19,chemia,duzy,0,1,18,30,45,12,27,12,27
310,1056,2035,2,slodycze,sredni,0,0,14,40,35,26,21,26,21
644,1083,2040,4,nabial,dyskont,0,0,84,25,50,-59,-34,59,34
40,1047,2077,34,napoje,duzy,1,0,95,115,105,20,10,20,10
529,1019,2028,1,napoje,maly,0,0,22,25,30,3,8,3,8
452,1064,2080,11,slodycze,maly,0,0,13,45,20,32,7,32,7
882,1116,2035,27,przekaski,duzy,1,0,79,70,75,-9,-4,9,4
19,1108,2035,2,slodycze,duzy,0,0,105,65,55,-40,-50,40,50
338,1033,2083,10,napoje,maly,0,0,33,35,25,2,-8,2,8
372,1029,2083,34,przekaski,duzy,0,0,43,50,55,7,12,7,12
6,1082,2071,18,napoje,duzy,0,0,207,110,105,-97,-102,97,102
760,1063,2059,21,nabial,maly,0,0,8,25,30,17,22,17,22
500,1033,2009,29,napoje,sredni,0,0,25,25,20,0,-5,0,5
630,1033,2041,28,slodycze,maly,0,0,26,20,15,-6,-11,6,11
641,1109,2057,13,przekaski,duzy,0,1,26,30,60,4,34,4,34
274,1090,2059,9,slodycze,maly,0,0,22,20,15,-2,-7,2,7
731,1057,2019,7,slodycze,dyskont,0,0,47,70,65,23,18,23,18
756,1086,2018,38,napoje,dyskont,1,0,43,200,115,157,72,157,72
1,1109,2016,41,slodycze,dyskont,0,1,21,45,30,24,9,24,9
124,1012,2041,47,slodycze,dyskont,0,1,29,35,30,6,1,6,1
710,1076,2045,13,przekaski,sredni,0,0,23,70,20,47,-3,47,3
432,1124,2080,16,napoje,sredni,0,0,0,50,85,50,85,50,85
102,1079,2067,40,nabial,maly,1,0,22,35,25,13,3,13,3
875,1026,2064,32,napoje,duzy,1,0,60,85,105,25,45,25,45
52,1105,2017,19,slodycze,maly,1,0,48,35,35,-13,-13,13,13
412,1079,2023,13,chemia,duzy,0,0,41,30,35,-11,-6,11,6
259,1111,2075,14,przekaski,sredni,1,0,53,70,70,17,17,17,17
415,1060,2076,38,napoje,duzy,0,0,47,25,65,-22,18,22,18
701,1014,2073,30,slodycze,dyskont,1,0,144,150,60,6,-84,6,84
834,1078,2080,14,przekaski,duzy,0,0,42,80,80,38,38,38,38
27,1056,2007,26,napoje,sredni,0,0,32,55,50,23,18,23,18
247,1084,2005,11,przekaski,dyskont,0,0,34,110,80,76,46,76,46
496,1037,2050,35,slodycze,sredni,0,0,29,30,25,1,-4,1,4
333,1138,2019,21,przekaski,maly,1,0,44,20,20,-24,-24,24,24
314,1135,2019,7,chemia,sredni,0,0,10,5,20,-5,10,5,10
676,1025,2027,45,przekaski,sredni,0,1,8,10,10,2,2,2,2
252,1125,2085,26,nabial,maly,1,0,0,25,165,25,165,25,165
746,1112,2006,39,przekaski,duzy,0,0,44,25,50,-19,6,19,6
149,1027,2018,47,nabial,duzy,0,0,55,70,85,15,30,15,30
781,1103,2013,15,przekaski,maly,1,0,18,35,20,17,2,17,2
58,1128,2083,4,napoje,maly,1,0,65,30,50,-35,-15,35,15
243,1062,2081,5,nabial,duzy,1,0,95,135,60,40,-35,40,35
381,1043,2068,18,przekaski,duzy,0,0,90,15,45,-75,-45,75,45
89,1137,2003,43,nabial,maly,0,0,40,15,20,-25,-20,25,20
514,1011,2045,40,slodycze,sredni,0,0,49,30,30,-19,-19,19,19
173,1104,2086,30,nabial,maly,0,0,0,25,50,25,50,25,50
607,1066,2069,36,nabial,dyskont,0,0,96,125,75,29,-21,29,21
63,1070,2073,26,slodycze,duzy,0,0,41,75,80,34,39,34,39
783,1058,2066,26,napoje,sredni,0,0,70,25,45,-45,-25,45,25
569,1051,2084,3,przekaski,maly,0,0,21,15,15,-6,-6,6,6
147,1106,2035,46,slodycze,sredni,0,0,29,15,30,-14,1,14,1
835,1026,2005,32,napoje,sredni,0,0,28,25,30,-3,2,3,2
361,1133,2074,10,nabial,maly,0,0,45,20,30,-25,-15,25,15
301,1060,2001,30,slodycze,duzy,1,0,25,75,50,50,25,50,25
747,1073,2005,36,przekaski,duzy,0,0,54,40,25,-14,-29,14,29
174,1131,2087,23,nabial,maly,0,0,34,25,25,-9,-9,9,9
180,1009,2039,42,napoje,dyskont,0,0,108,45,95,-63,-13,63,13
484,1005,2059,49,przekaski,duzy,1,0,84,60,100,-24,16,24,16
212,1099,2075,2,slodycze,duzy,0,0,55,65,60,10,5,10,5
282,1031,2071,10,napoje,maly,1,0,36,50,50,14,14,14,14
531,1108,2009,10,napoje,duzy,0,0,139,70,95,-69,-44,69,44
722,1015,2075,17,slodycze,sredni,0,0,24,55,30,31,6,31,6
534,1070,2023,24,nabial,duzy,0,0,60,35,75,-25,15,25,15
597,1137,2038,7,przekaski,maly,1,0,35,20,25,-15,-10,15,10
337,1112,2052,37,slodycze,sredni,0,0,11,25,30,14,19,14,19
3,1009,2061,17,slodycze,maly,1,0,39,30,20,-9,-19,9,19
31,1090,2083,41,napoje,maly,0,0,23,25,25,2,2,2,2
492,1007,2032,20,napoje,maly,0,0,37,25,10,-12,-27,12,27
393,1063,2058,52,chemia,sredni,0,0,12,25,25,13,13,13,13
787,1020,2041,2,chemia,dyskont,0,0,53,45,35,-8,-18,8,18
316,1126,2036,4,nabial,sredni,1,0,58,80,35,22,-23,22,23
261,1071,2030,31,nabial,sredni,1,0,55,80,80,25,25,25,25
324,1094,2014,32,napoje,duzy,0,0,128,85,45,-43,-83,43,83
462,1084,2082,16,nabial,dyskont,0,0,56,90,135,34,79,34,79
711,1061,2006,32,przekaski,sredni,0,0,26,25,20,-1,-6,1,6
367,1033,2082,45,slodycze,maly,0,1,4,15,15,11,11,11,11
254,1138,2037,9,przekaski,maly,0,0,13,10,10,-3,-3,3,3
491,1044,2032,5,slodycze,duzy,0,0,92,30,60,-62,-32,62,32
331,1094,2073,49,nabial,sredni,1,0,31,60,65,29,34,29,34
399,1139,2083,2,slodycze,duzy,0,0,52,60,55,8,3,8,3
800,1108,2049,49,chemia,sredni,1,0,44,45,25,1,-19,1,19
555,1090,2023,9,slodycze,sredni,1,0,60,55,70,-5,10,5,10
820,1100,2059,33,slodycze,duzy,0,0,21,50,50,29,29,29,29
771,1014,2006,4,napoje,sredni,0,0,32,45,35,13,3,13,3
544,1135,2046,39,chemia,dyskont,1,0,34,50,65,16,31,16,31
219,1037,2048,23,nabial,dyskont,1,0,89,130,170,41,81,41,81
369,1105,2075,2,nabial,maly,0,0,92,30,20,-62,-72,62,72
72,1059,2072,26,napoje,maly,0,0,36,25,10,-11,-26,11,26
405,1071,2027,13,napoje,sredni,1,0,0,195,125,195,125,195,125
61,1007,2082,24,slodycze,sredni,0,1,24,15,20,-9,-4,9,4
106,1031,2005,17,nabial,duzy,0,0,119,75,60,-44,-59,44,59
119,1137,2051,36,napoje,duzy,1,0,160,90,155,-70,-5,70,5
593,1034,2071,10,przekaski,maly,1,0,22,35,15,13,-7,13,7
198,1062,2019,23,slodycze,duzy,0,0,26,40,55,14,29,14,29
833,1031,2029,40,przekaski,maly,0,0,0,30,45,30,45,30,45
294,1097,2056,27,nabial,duzy,1,0,52,90,125,38,73,38,73
115,1018,2008,43,przekaski,sredni,0,0,36,15,20,-21,-16,21,16
77,1092,2042,32,slodycze,maly,0,0,20,15,15,-5,-5,5,5
505,1120,2031,17,napoje,maly,0,0,29,30,35,1,6,1,6
275,1007,2069,35,przekaski,sredni,0,0,18,20,20,2,2,2,2
585,1029,2028,44,napoje,dyskont,0,0,145,40,125,-105,-20,105,20
84,1026,2011,37,napoje,dyskont,0,0,146,125,85,-21,-61,21,61
823,1013,2058,28,nabial,maly,0,0,11,30,30,19,19,19,19
133,1021,2076,36,nabial,maly,0,0,14,25,15,11,1,11,1
109,1078,2047,25,przekaski,sredni,0,0,59,45,35,-14,-24,14,24
654,1053,2061,42,nabial,sredni,1,0,28,20,50,-8,22,8,22
83,1075,2029,43,slodycze,maly,1,0,20,20,25,0,5,0,5
45,1015,2016,52,nabial,sredni,0,0,33,35,40,2,7,2,7
233,1007,2005,6,przekaski,maly,0,0,9,15,15,6,6,6,6
213,1109,2054,24,chemia,dyskont,0,0,57,80,50,23,-7,23,7
520,1115,2089,50,napoje,sredni,0,0,35,45,45,10,10,10,10
900,1106,2020,52,przekaski,sredni,0,0,23,15,20,-8,-3,8,3
813,1124,2075,34,slodycze,maly,0,0,19,5,15,-14,-4,14,4
269,1049,2062,25,chemia,sredni,0,0,24,10,25,-14,1,14,1
467,1050,2032,13,nabial,duzy,1,0,39,120,95,81,56,81,56
748,1031,2022,17,nabial,sredni,0,0,216,55,60,-161,-156,161,156
114,1130,2036,36,napoje,sredni,0,0,14,25,25,11,11,11,11
280,1106,2003,25,slodycze,maly,0,0,23,10,20,-13,-3,13,3
207,1109,2073,28,przekaski,sredni,1,0,37,60,20,23,-17,23,17
307,1049,2007,17,napoje,duzy,0,0,269,125,115,-144,-154,144,154
893,1067,2024,22,napoje,dyskont,1,0,188,175,160,-13,-28,13,28
791,1101,2063,43,napoje,duzy,0,0,69,55,50,-14,-19,14,19
594,1069,2023,12,przekaski,duzy,0,0,29,75,30,46,1,46,1
430,1041,2019,32,chemia,dyskont,1,0,48,50,75,2,27,2,27
165,1128,2057,23,chemia,duzy,0,0,55,60,45,5,-10,5,10
24,1036,2018,16,przekaski,dyskont,0,0,50,105,95,55,45,55,45
604,1037,2022,38,przekaski,sredni,0,0,17,30,20,13,3,13,3
855,1104,2071,43,napoje,maly,1,0,0,40,85,40,85,40,85
483,1057,2016,52,slodycze,maly,0,0,31,25,15,-6,-16,6,16
519,1103,2066,19,nabial,sredni,0,0,45,45,35,0,-10,0,10
613,1069,2082,27,przekaski,duzy,1,0,95,70,95,-25,0,25,0
588,1089,2056,18,napoje,dyskont,0,0,67,165,125,98,58,98,58
511,1065,2055,42,nabial,sredni,0,1,23,20,35,-3,12,3,12
441,1033,2052,4,nabial,sredni,0,0,49,30,30,-19,-19,19,19
720,1125,2030,51,nabial,duzy,0,0,47,65,50,18,3,18,3
359,1120,2052,12,nabial,dyskont,0,0,88,60,105,-28,17,28,17
899,1128,2010,25,chemia,sredni,1,1,14,10,15,-4,1,4,1
286,1035,2030,37,slodycze,maly,0,0,7,20,10,13,3,13,3
357,1095,2007,42,nabial,sredni,0,0,0,30,140,30,140,30,140
782,1015,2081,23,napoje,maly,1,0,23,25,45,2,22,2,22
175,1013,2055,32,napoje,sredni,0,0,36,75,35,39,-1,39,1
887,1034,2018,14,napoje,duzy,0,0,102,65,40,-37,-62,37,62
237,1007,2057,19,slodycze,maly,1,0,80,30,15,-50,-65,50,65
884,1056,2063,46,slodycze,duzy,1,0,46,75,50,29,4,29,4
251,1001,2068,9,slodycze,dyskont,0,0,62,100,110,38,48,38,48
373,1094,2077,30,nabial,maly,0,0,40,20,25,-20,-15,20,15
814,1113,2038,10,slodycze,maly,0,1,9,0,15,-9,6,9,6
610,1059,2062,28,slodycze,dyskont,0,0,80,50,70,-30,-10,30,10
185,1095,2023,2,slodycze,maly,0,0,18,20,15,2,-3,2,3
567,1112,2086,4,nabial,maly,0,0,32,15,25,-17,-7,17,7
228,1037,2078,18,napoje,sredni,0,0,34,55,65,21,31,21,31
578,1095,2089,36,nabial,dyskont,1,0,118,75,150,-43,32,43,32
638,1037,2023,14,przekaski,sredni,0,0,50,30,25,-20,-25,20,25
264,1126,2014,44,napoje,sredni,1,0,46,95,50,49,4,49,4
691,1116,2005,11,chemia,sredni,0,0,30,35,25,5,-5,5,5
406,1036,2082,36,chemia,maly,1,0,22,10,15,-12,-7,12,7
885,1095,2011,38,nabial,sredni,0,0,45,30,35,-15,-10,15,10
785,1091,2085,52,nabial,dyskont,0,0,105,80,105,-25,0,25,0
618,1040,2008,36,slodycze,maly,0,0,9,20,15,11,6,11,6
188,1112,2060,39,slodycze,maly,0,0,9,15,20,6,11,6,11
148,1116,2002,23,napoje,maly,0,1,26,20,25,-6,-1,6,1
276,1022,2070,51,slodycze,dyskont,1,0,124,105,40,-19,-84,19,84
163,1121,2016,2,napoje,maly,0,0,27,45,15,18,-12,18,12
443,1090,2059,10,napoje,dyskont,1,0,242,155,175,-87,-67,87,67
30,1116,2060,22,nabial,dyskont,1,0,168,55,195,-113,27,113,27
656,1133,2022,38,napoje,duzy,0,0,146,110,70,-36,-76,36,76
193,1052,2030,15,napoje,maly,0,0,30,30,40,0,10,0,10
166,1036,2037,24,przekaski,maly,1,0,51,15,30,-36,-21,36,21
772,1135,2057,33,slodycze,dyskont,0,0,109,45,80,-64,-29,64,29
698,1040,2082,32,chemia,duzy,0,0,39,20,40,-19,1,19,1
144,1092,2064,7,nabial,dyskont,1,0,111,170,115,59,4,59,4
91,1081,2048,40,slodycze,sredni,0,0,12,35,35,23,23,23,23
846,1017,2089,38,napoje,sredni,0,0,296,55,40,-241,-256,241,256
390,1059,2040,7,slodycze,duzy,0,1,45,30,40,-15,-5,15,5
671,1135,2087,48,chemia,maly,0,0,13,10,15,-3,2,3,2
15,1136,2045,17,napoje,maly,0,1,20,25,20,5,0,5,0
530,1075,2005,15,napoje,sredni,0,0,46,50,45,4,-1,4,1
195,1100,2014,21,napoje,maly,0,0,58,40,25,-18,-33,18,33
683,1073,2002,50,nabial,dyskont,0,0,57,75,120,18,63,18,63
696,1025,2057,20,przekaski,sredni,0,0,39,50,35,11,-4,11,4
736,1072,2077,52,przekaski,duzy,1,0,128,30,120,-98,-8,98,8
161,1036,2062,48,napoje,maly,0,0,24,25,20,1,-4,1,4
847,1051,2026,44,przekaski,sredni,0,0,36,20,35,-16,-1,16,1
709,1134,2085,38,przekaski,sredni,0,0,29,15,25,-14,-4,14,4
9,1036,2033,37,chemia,maly,0,0,17,0,10,-17,-7,17,7
182,1073,2057,18,slodycze,sredni,0,0,0,30,105,30,105,30,105
223,1084,2023,42,napoje,dyskont,1,0,167,50,150,-117,-17,117,17
487,1121,2084,23,slodycze,maly,1,0,20,35,25,15,5,15,5
678,1119,2023,33,nabial,maly,0,0,44,15,20,-29,-24,29,24
653,1042,2007,50,nabial,duzy,0,0,85,55,55,-30,-30,30,30
378,1118,2064,19,nabial,maly,0,0,14,15,20,1,6,1,6
617,1066,2053,5,slodycze,dyskont,0,0,72,55,55,-17,-17,17,17
375,1063,2087,14,przekaski,sredni,0,0,13,15,30,2,17,2,17
421,1008,2046,46,nabial,duzy,0,0,39,75,55,36,16,36,16
523,1131,2085,46,slodycze,maly,0,0,0,25,30,25,30,25,30
154,1094,2023,25,przekaski,sredni,0,0,42,40,30,-2,-12,2,12
409,1040,2008,34,nabial,duzy,0,0,56,50,40,-6,-16,6,16
867,1032,2002,41,przekaski,sredni,0,0,40,20,25,-20,-15,20,15
101,1089,2041,12,slodycze,maly,0,0,5,20,20,15,15,15,15
674,1090,2006,46,nabial,sredni,0,0,20,50,30,30,10,30,10
786,1137,2032,47,przekaski,maly,0,0,5,10,15,5,10,5,10
852,1018,2074,24,nabial,duzy,0,0,152,70,40,-82,-112,82,112
416,1001,2023,37,slodycze,sredni,0,0,0,75,80,75,80,75,80
832,1120,2050,36,nabial,sredni,0,0,27,40,40,13,13,13,13
145,1122,2032,9,nabial,dyskont,0,1,71,75,110,4,39,4,39
541,1059,2036,3,napoje,dyskont,0,0,76,155,105,79,29,79,29
669,1139,2025,15,przekaski,maly,0,0,18,20,20,2,2,2,2
562,1124,2063,15,napoje,dyskont,0,0,53,120,155,67,102,67,102
125,1095,2018,7,napoje,dyskont,0,0,294,105,75,-189,-219,189,219
248,1075,2047,18,przekaski,maly,0,0,40,15,15,-25,-25,25,25
257,1127,2076,20,napoje,maly,0,0,18,25,20,7,2,7,2
388,1019,2049,23,napoje,maly,1,0,52,30,20,-22,-32,22,32
196,1108,2029,47,slodycze,sredni,0,0,25,25,35,0,10,0,10
304,1109,2073,14,slodycze,sredni,0,0,45,40,40,-5,-5,5,5
807,1066,2007,43,napoje,sredni,0,0,71,35,55,-36,-16,36,16
538,1072,2019,31,napoje,sredni,1,0,497,80,95,-417,-402,417,402
475,1097,2062,6,nabial,sredni,0,0,49,45,60,-4,11,4,11
459,1097,2050,10,przekaski,dyskont,1,0,66,135,175,69,109,69,109
231,1044,2041,27,slodycze,maly,0,0,0,20,35,20,35,20,35
679,1134,2017,34,nabial,duzy,0,0,73,20,80,-53,7,53,7
440,1050,2036,21,slodycze,sredni,0,0,20,45,30,25,10,25,10
208,1101,2011,42,przekaski,maly,0,0,15,15,15,0,0,0,0
62,1053,2009,7,chemia,maly,0,0,14,15,20,1,6,1,6
699,1117,2074,17,nabial,dyskont,0,0,82,35,95,-47,13,47,13
206,1109,2001,9,chemia,sredni,0,0,12,15,35,3,23,3,23
693,1005,2087,30,napoje,maly,0,0,18,15,30,-3,12,3,12
620,1068,2080,34,slodycze,maly,0,1,10,5,10,-5,0,5,0
426,1025,2081,45,przekaski,maly,0,0,13,15,10,2,-3,2,3
112,1091,2027,3,przekaski,maly,0,1,8,10,20,2,12,2,12
554,1087,2044,41,slodycze,sredni,0,0,31,25,30,-6,-1,6,1
851,1001,2071,49,przekaski,sredni,0,0,35,15,30,-20,-5,20,5
767,1048,2071,32,napoje,maly,1,0,22,30,50,8,28,8,28
524,1083,2006,34,chemia,duzy,0,0,11,35,35,24,24,24,24
480,1009,2087,14,napoje,duzy,0,0,105,80,105,-25,0,25,0
25,1134,2044,41,slodycze,duzy,0,0,91,80,15,-11,-76,11,76
648,1012,2050,25,slodycze,maly,1,0,18,50,20,32,2,32,2
652,1123,2053,3,slodycze,maly,0,0,11,30,15,19,4,19,4
673,1034,2024,17,slodycze,maly,0,0,16,35,20,19,4,19,4
889,1024,2061,51,chemia,dyskont,0,0,28,45,40,17,12,17,12
758,1122,2008,30,slodycze,sredni,0,0,24,20,35,-4,11,4,11
469,1035,2014,48,przekaski,maly,0,0,12,10,20,-2,8,2,8
478,1101,2076,17,napoje,sredni,0,1,23,25,25,2,2,2,2
434,1015,2017,19,napoje,sredni,0,0,66,30,20,-36,-46,36,46
380,1048,2025,52,przekaski,sredni,0,0,31,30,20,-1,-11,1,11
859,1046,2004,51,przekaski,maly,0,0,24,5,15,-19,-9,19,9
368,1083,2053,2,slodycze,duzy,0,0,33,60,35,27,2,27,2
410,1019,2089,3,nabial,sredni,0,0,32,30,50,-2,18,2,18
611,1051,2034,47,nabial,sredni,0,0,31,30,55,-1,24,1,24
486,1056,2026,40,nabial,dyskont,0,0,114,95,55,-19,-59,19,59
658,1039,2042,50,przekaski,sredni,1,0,61,45,35,-16,-26,16,26
305,1032,2018,29,przekaski,sredni,0,0,34,20,20,-14,-14,14,14
750,1044,2089,18,napoje,dyskont,0,0,179,35,160,-144,-19,144,19
702,1021,2062,51,przekaski,duzy,0,0,74,30,60,-44,-14,44,14
586,1138,2060,12,przekaski,duzy,0,0,31,40,80,9,49,9,49
155,1049,2009,11,nabial,sredni,0,0,0,30,60,30,60,30,60
209,1024,2075,13,napoje,maly,0,0,9,20,30,11,21,11,21
158,1070,2067,1,slodycze,sredni,0,0,13,40,40,27,27,27,27
845,1081,2045,27,slodycze,dyskont,0,0,45,75,100,30,55,30,55
458,1117,2089,18,napoje,duzy,0,0,75,125,85,50,10,50,10
127,1030,2020,48,napoje,maly,0,0,11,10,20,-1,9,1,9
330,1053,2050,33,nabial,duzy,0,0,70,65,50,-5,-20,5,20
397,1008,2031,24,slodycze,dyskont,0,0,116,75,85,-41,-31,41,31
499,1071,2006,46,slodycze,maly,0,0,63,20,10,-43,-53,43,53
131,1054,2043,25,nabial,sredni,1,0,37,50,30,13,-7,13,7
600,1033,2010,31,chemia,sredni,0,1,8,10,15,2,7,2,7
863,1056,2026,18,slodycze,duzy,0,0,35,80,70,45,35,45,35
37,1085,2085,47,chemia,sredni,1,0,32,25,35,-7,3,7,3
201,1021,2083,9,nabial,duzy,0,0,73,55,100,-18,27,18,27
655,1061,2061,43,slodycze,maly,0,0,13,15,15,2,2,2,2
156,1062,2064,36,przekaski,sredni,0,0,10,20,20,10,10,10,10
860,1019,2082,48,napoje,sredni,0,0,24,35,50,11,26,11,26
79,1088,2030,19,przekaski,maly,0,0,0,10,20,10,20,10,20
442,1086,2065,29,slodycze,duzy,1,0,145,75,130,-70,-15,70,15
804,1020,2017,27,slodycze,sredni,0,0,20,40,45,20,25,20,25
553,1115,2020,35,chemia,sredni,0,0,8,25,15,17,7,17,7
197,1103,2018,23,chemia,maly,0,0,14,15,10,1,-4,1,4
719,1061,2011,50,nabial,sredni,0,0,33,40,40,7,7,7,7
178,1060,2085,34,napoje,duzy,1,0,202,125,185,-77,-17,77,17
543,1137,2068,28,chemia,sredni,0,0,20,20,20,0,0,0,0
32,1138,2032,11,chemia,dyskont,0,0,102,55,55,-47,-47,47,47
60,1103,2055,48,nabial,maly,0,0,14,10,20,-4,6,4,6
126,1110,2085,21,przekaski,duzy,0,0,43,85,50,42,7,42,7
749,1045,2029,42,napoje,maly,0,0,20,15,25,-5,5,5,5
712,1044,2027,43,przekaski,dyskont,0,0,26,80,45,54,19,54,19
22,1095,2061,6,napoje,sredni,0,0,32,60,65,28,33,28,33
635,1015,2080,27,slodycze,dyskont,0,0,21,60,60,39,39,39,39
826,1012,2001,47,slodycze,maly,1,0,39,30,25,-9,-14,9,14
226,1026,2058,11,przekaski,duzy,1,0,46,90,90,44,44,44,44
879,1063,2080,37,slodycze,sredni,0,0,43,40,20,-3,-23,3,23
429,1011,2018,32,nabial,maly,1,0,41,25,25,-16,-16,16,16
603,1012,2063,34,slodycze,maly,0,0,10,20,15,10,5,10,5
745,1030,2008,34,nabial,maly,0,0,27,25,10,-2,-17,2,17
533,1111,2083,13,przekaski,maly,0,1,9,10,5,1,-4,1,4
450,1115,2010,18,slodycze,maly,0,0,12,15,25,3,13,3,13
589,1096,2038,37,nabial,maly,0,1,11,15,15,4,4,4,4
842,1105,2045,21,slodycze,maly,0,0,7,20,15,13,8,13,8
891,1076,2029,30,chemia,duzy,0,0,28,30,35,2,7,2,7
518,1044,2063,34,przekaski,duzy,0,0,34,40,40,6,6,6,6
506,1003,2074,25,slodycze,maly,0,0,12,20,20,8,8,8,8
557,1063,2067,44,chemia,sredni,0,0,15,15,15,0,0,0,0
825,1042,2078,1,slodycze,maly,0,0,15,20,25,5,10,5,10
428,1076,2071,28,nabial,maly,0,0,24,20,15,-4,-9,4,9
85,1004,2022,23,przekaski,sredni,0,0,13,35,40,22,27,22,27
423,1139,2082,8,nabial,sredni,0,0,43,45,50,2,7,2,7
54,1092,2086,36,napoje,maly,0,1,9,20,15,11,6,11,6
401,1072,2089,42,chemia,dyskont,0,0,57,30,40,-27,-17,27,17
425,1127,2071,21,napoje,sredni,0,0,42,55,45,13,3,13,3
765,1113,2040,42,slodycze,maly,1,0,21,20,35,-1,14,1,14
819,1066,2088,15,slodycze,sredni,1,1,20,35,75,15,55,15,55
328,1128,2030,4,przekaski,maly,0,0,28,15,15,-13,-13,13,13
382,1095,2078,6,slodycze,duzy,0,0,44,45,65,1,21,1,21
684,1048,2074,28,slodycze,duzy,1,0,57,60,60,3,3,3,3
116,1035,2077,25,przekaski,maly,1,1,11,20,25,9,14,9,14
256,1009,2051,27,napoje,maly,0,0,34,20,20,-14,-14,14,14
129,1028,2035,47,napoje,maly,0,0,25,25,20,0,-5,0,5
444,1013,2010,25,slodycze,dyskont,1,0,59,65,55,6,-4,6,4
724,1134,2085,44,nabial,sredni,0,0,18,25,25,7,7,7,7
323,1039,2002,29,nabial,dyskont,0,0,46,75,65,29,19,29,19
665,1023,2027,45,slodycze,sredni,0,0,21,15,30,-6,9,6,9
123,1023,2039,48,napoje,maly,0,0,24,15,25,-9,1,9,1
281,1079,2067,11,przekaski,sredni,0,0,16,40,35,24,19,24,19
591,1122,2003,42,nabial,maly,0,0,27,25,15,-2,-12,2,12
87,1064,2084,32,slodycze,dyskont,0,0,95,35,105,-60,10,60,10
51,1063,2022,37,nabial,dyskont,1,0,116,40,140,-76,24,76,24
872,1118,2043,42,napoje,sredni,1,0,68,70,35,2,-33,2,33
896,1137,2024,38,nabial,sredni,0,0,63,25,30,-38,-33,38,33
134,1038,2018,9,slodycze,duzy,1,0,138,105,110,-33,-28,33,28
194,1057,2057,1,nabial,sredni,0,0,36,40,35,4,-1,4,1
493,1094,2003,15,nabial,dyskont,0,0,154,80,95,-74,-59,74,59
507,1093,2014,15,napoje,sredni,0,0,68,35,60,-33,-8,33,8
528,1025,2016,11,napoje,duzy,0,0,127,85,115,-42,-12,42,12
895,1105,2077,28,napoje,sredni,1,0,91,60,60,-31,-31,31,31
574,1137,2046,49,napoje,dyskont,0,0,43,75,55,32,12,32,12
740,1071,2047,38,przekaski,maly,1,0,24,30,15,6,-9,6,9
411,1039,2017,16,slodycze,maly,0,1,8,5,20,-3,12,3,12
646,1039,2067,44,przekaski,maly,0,0,12,20,10,8,-2,8,2
205,1112,2037,14,nabial,sredni,0,1,39,20,45,-19,6,19,6
43,1100,2052,4,napoje,sredni,1,0,85,95,100,10,15,10,15
387,1050,2054,44,napoje,maly,1,0,0,30,60,30,60,30,60
552,1028,2081,14,nabial,duzy,0,0,25,80,105,55,80,55,80
187,1136,2005,18,slodycze,dyskont,0,0,96,100,130,4,34,4,34
837,1087,2041,2,przekaski,maly,0,0,21,10,15,-11,-6,11,6
768,1088,2061,43,nabial,duzy,0,0,82,65,35,-17,-47,17,47
849,1050,2051,26,przekaski,sredni,0,0,25,35,20,10,-5,10,5
73,1009,2081,26,napoje,sredni,1,0,65,60,40,-5,-25,5,25
211,1076,2006,40,przekaski,maly,0,0,11,10,10,-1,-1,1,1
2,1137,2015,27,chemia,dyskont,0,0,24,60,50,36,26,36,26
240,1005,2053,8,slodycze,maly,0,0,16,30,20,14,4,14,4
802,1095,2068,28,przekaski,maly,0,0,13,15,5,2,-8,2,8
616,1020,2061,10,slodycze,maly,0,0,9,20,15,11,6,11,6
176,1033,2089,1,przekaski,sredni,0,0,43,35,25,-8,-18,8,18
55,1077,2009,6,napoje,maly,0,0,30,30,30,0,0,0,0
192,1110,2015,46,slodycze,sredni,0,0,26,40,30,14,4,14,4
563,1087,2049,43,nabial,sredni,0,0,19,20,35,1,16,1,16
88,1079,2033,38,napoje,dyskont,0,0,208,95,80,-113,-128,113,128
694,1137,2071,31,napoje,maly,1,0,37,20,15,-17,-22,17,22
279,1125,2016,48,slodycze,duzy,0,0,60,70,45,10,-15,10,15
81,1075,2001,21,napoje,sredni,1,0,35,55,50,20,15,20,15
640,1100,2045,28,napoje,dyskont,0,0,86,120,140,34,54,34,54
485,1128,2074,8,slodycze,maly,0,0,24,30,15,6,-9,6,9
488,1129,2087,51,przekaski,sredni,0,0,66,40,25,-26,-41,26,41
56,1031,2037,23,napoje,sredni,0,0,80,45,60,-35,-20,35,20
363,1073,2021,47,napoje,maly,0,0,43,15,20,-28,-23,28,23
808,1118,2059,7,przekaski,sredni,1,0,30,45,55,15,25,15,25
222,1054,2064,5,slodycze,sredni,0,1,22,30,20,8,-2,8,2
16,1002,2009,47,napoje,maly,0,0,38,35,15,-3,-23,3,23
615,1020,2053,45,slodycze,sredni,0,0,33,25,35,-8,2,8,2
225,1131,2054,46,napoje,duzy,0,0,15,55,80,40,65,40,65
190,1124,2016,11,napoje,maly,0,0,23,20,25,-3,2,3,2
313,1109,2061,28,napoje,maly,0,0,17,20,30,3,13,3,13
311,1059,2006,41,slodycze,duzy,0,1,41,15,30,-26,-11,26,11
446,1098,2027,43,nabial,sredni,0,1,16,20,15,4,-1,4,1
742,1030,2011,28,przekaski,maly,0,0,9,10,10,1,1,1,1
627,1129,2063,21,przekaski,sredni,0,0,24,30,30,6,6,6,6
888,1107,2061,37,przekaski,duzy,0,0,20,25,45,5,25,5,25
100,1019,2078,12,napoje,sredni,0,0,368,60,55,-308,-313,308,313
502,1006,2056,26,slodycze,maly,0,0,0,20,75,20,75,20,75
508,1079,2083,5,slodycze,maly,0,0,10,25,25,15,15,15,15
169,1031,2077,47,przekaski,sredni,0,0,31,30,35,-1,4,1,4
424,1102,2062,22,przekaski,dyskont,0,0,26,85,35,59,9,59,9
730,1095,2009,27,przekaski,maly,0,0,17,20,25,3,8,3,8
38,1055,2016,52,przekaski,sredni,0,0,36,10,35,-26,-1,26,1
287,1097,2001,52,napoje,maly,0,0,23,10,30,-13,7,13,7
376,1049,2013,24,napoje,maly,0,0,31,25,30,-6,-1,6,1
215,1078,2010,42,nabial,sredni,0,0,22,30,20,8,-2,8,2
262,1077,2023,10,slodycze,duzy,0,0,22,55,70,33,48,33,48
695,1010,2008,43,napoje,dyskont,0,0,94,120,90,26,-4,26,4
139,1058,2049,50,nabial,maly,0,0,50,20,20,-30,-30,30,30
521,1001,2047,25,slodycze,sredni,0,0,38,25,25,-13,-13,13,13
568,1009,2004,25,napoje,dyskont,0,0,69,135,75,66,6,66,6
241,1132,2004,20,napoje,dyskont,0,0,0,245,220,245,220,245,220
291,1026,2013,34,slodycze,maly,0,0,22,25,15,3,-7,3,7
137,1051,2069,16,slodycze,sredni,0,0,82,20,40,-62,-42,62,42
560,1061,2066,26,slodycze,sredni,1,0,27,45,30,18,3,18,3
245,1013,2004,19,slodycze,sredni,1,0,46,50,40,4,-6,4,6
358,1048,2007,13,slodycze,duzy,0,0,40,35,45,-5,5,5,5
120,1137,2066,29,chemia,sredni,0,0,19,10,20,-9,1,9,1
42,1034,2047,44,napoje,duzy,0,0,30,110,60,80,30,80,30
4,1093,2054,26,slodycze,dyskont,1,0,88,130,55,42,-33,42,33
35,1079,2072,8,chemia,maly,0,0,14,10,15,-4,1,4,1
236,1123,2035,32,napoje,sredni,0,0,54,35,40,-19,-14,19,14
103,1037,2076,27,nabial,sredni,0,0,39,30,45,-9,6,9,6
495,1133,2016,26,napoje,duzy,0,0,55,105,75,50,20,50,20
497,1002,2027,10,napoje,sredni,0,0,52,35,35,-17,-17,17,17
757,1022,2017,7,slodycze,maly,0,0,24,15,20,-9,-4,9,4
110,1104,2046,42,chemia,maly,0,0,9,5,15,-4,6,4,6
793,1120,2081,49,napoje,maly,0,0,184,15,30,-169,-154,169,154
348,1105,2015,47,nabial,maly,0,0,8,20,20,12,12,12,12
634,1124,2089,46,nabial,dyskont,0,0,73,50,60,-23,-13,23,13
571,1081,2013,12,napoje,maly,0,0,25,40,35,15,10,15,10
184,1056,2021,20,nabial,maly,0,0,20,10,10,-10,-10,10,10
766,1066,2006,24,chemia,sredni,0,0,17,10,35,-7,18,7,18
290,1003,2066,23,nabial,sredni,0,1,30,20,20,-10,-10,10,10
628,1016,2024,38,przekaski,sredni,0,0,9,25,20,16,11,16,11
97,1004,2046,43,napoje,duzy,0,0,76,50,85,-26,9,26,9
798,1112,2081,9,napoje,maly,1,1,25,20,50,-5,25,5,25
752,1016,2073,39,nabial,maly,0,0,8,15,20,7,12,7,12
255,1132,2063,19,nabial,maly,0,0,11,30,20,19,9,19,9
272,1114,2087,51,napoje,maly,0,0,25,35,30,10,5,10,5
128,1054,2035,12,przekaski,dyskont,0,0,66,115,75,49,9,49,9
584,1098,2023,32,przekaski,maly,0,0,15,15,15,0,0,0,0
664,1139,2030,48,napoje,sredni,1,0,48,90,65,42,17,42,17
146,1130,2056,41,napoje,maly,0,0,17,25,25,8,8,8,8
690,1022,2043,5,slodycze,dyskont,1,0,330,145,70,-185,-260,185,260
386,1130,2050,48,chemia,sredni,0,1,5,15,15,10,10,10,10
526,1036,2008,6,nabial,maly,0,0,18,30,25,12,7,12,7
815,1117,2005,47,przekaski,duzy,0,0,12,55,30,43,18,43,18
582,1133,2081,32,przekaski,sredni,0,0,35,20,20,-15,-15,15,15
364,1001,2083,7,napoje,sredni,0,0,45,55,60,10,15,10,15
775,1028,2062,43,slodycze,maly,0,0,7,15,15,8,8,8,8
8,1095,2015,48,slodycze,duzy,0,0,50,65,45,15,-5,15,5
575,1107,2015,44,napoje,dyskont,1,0,68,175,160,107,92,107,92
806,1031,2027,7,nabial,maly,1,0,65,40,35,-25,-30,25,30
266,1005,2021,38,slodycze,maly,0,0,14,25,15,11,1,11,1
632,1036,2076,36,nabial,duzy,0,0,121,75,70,-46,-51,46,51
504,1045,2064,36,napoje,duzy,0,0,68,45,75,-23,7,23,7
890,1001,2071,48,napoje,maly,0,1,14,15,20,1,6,1,6
422,1060,2067,2,nabial,maly,0,0,14,10,25,-4,11,4,11
797,1104,2089,23,nabial,sredni,0,0,33,40,45,7,12,7,12
881,1109,2067,2,nabial,sredni,0,0,46,25,25,-21,-21,21,21
510,1091,2087,9,slodycze,maly,1,0,33,35,5,2,-28,2,28
191,1123,2065,32,slodycze,duzy,0,1,18,55,40,37,22,37,22
150,1069,2024,37,napoje,maly,0,0,20,20,25,0,5,0,5
141,1119,2054,30,przekaski,maly,1,0,22,0,30,-22,8,22,8
721,1105,2059,31,nabial,dyskont,1,0,101,130,150,29,49,29,49
729,1096,2016,32,napoje,duzy,1,0,155,35,125,-120,-30,120,30
65,1008,2084,2,nabial,maly,0,0,18,20,25,2,7,2,7
784,1075,2029,40,chemia,maly,0,0,30,5,15,-25,-15,25,15
449,1010,2024,11,nabial,dyskont,0,0,51,100,75,49,24,49,24
686,1035,2014,41,nabial,duzy,0,0,440,30,60,-410,-380,410,380
383,1134,2022,27,napoje,maly,0,0,27,45,20,18,-7,18,7
159,1043,2021,2,napoje,sredni,1,0,78,70,50,-8,-28,8,28
850,1051,2002,47,slodycze,sredni,0,0,24,30,20,6,-4,6,4
400,1036,2040,12,przekaski,maly,1,0,31,35,35,4,4,4,4
12,1085,2083,10,chemia,maly,0,0,9,15,10,6,1,6,1
13,1062,2017,41,slodycze,sredni,0,0,42,30,25,-12,-17,12,17
46,1063,2062,21,przekaski,duzy,0,0,48,70,60,22,12,22,12
770,1130,2034,46,przekaski,maly,1,0,42,20,25,-22,-17,22,17
716,1065,2074,14,nabial,duzy,0,0,81,105,80,24,-1,24,1
356,1088,2065,32,slodycze,duzy,0,0,65,65,45,0,-20,0,20
41,1099,2029,50,napoje,dyskont,0,0,123,95,60,-28,-63,28,63
898,1036,2011,29,napoje,sredni,0,0,35,30,45,-5,10,5,10
525,1052,2021,1,slodycze,duzy,0,0,15,60,40,45,25,45,25
345,1020,2051,28,napoje,sredni,0,0,43,40,30,-3,-13,3,13
803,1024,2050,11,napoje,maly,0,0,0,35,40,35,40,35,40
288,1035,2066,34,chemia,dyskont,0,1,32,35,25,3,-7,3,7
461,1114,2046,45,przekaski,dyskont,1,0,31,40,90,9,59,9,59
235,1071,2062,41,nabial,sredni,0,0,21,30,45,9,24,9,24
107,1048,2052,20,napoje,duzy,1,0,203,145,155,-58,-48,58,48
864,1072,2071,16,nabial,maly,0,0,25,25,20,0,-5,0,5
608,1050,2084,15,slodycze,duzy,0,0,80,80,65,0,-15,0,15
626,1034,2020,19,nabial,sredni,0,0,61,35,30,-26,-31,26,31
344,1083,2040,47,przekaski,sredni,1,0,74,45,45,-29,-29,29,29
36,1005,2002,25,przekaski,sredni,1,0,29,20,40,-9,11,9,11
706,1097,2029,45,napoje,maly,0,0,48,25,30,-23,-18,23,18
897,1041,2036,39,napoje,sredni,1,0,54,45,65,-9,11,9,11
384,1065,2081,32,napoje,dyskont,1,0,124,120,155,-4,31,4,31
157,1028,2022,17,napoje,sredni,0,0,27,35,50,8,23,8,23
151,1120,2010,29,przekaski,dyskont,0,0,71,75,55,4,-16,4,16
132,1100,2022,47,nabial,maly,0,0,29,25,15,-4,-14,4,14
753,1030,2045,27,chemia,duzy,0,0,25,60,50,35,25,35,25
682,1065,2005,37,nabial,maly,1,0,23,10,25,-13,2,13,2
321,1007,2007,27,przekaski,sredni,0,0,0,65,50,65,50,65,50
214,1123,2045,45,nabial,maly,0,1,0,10,35,10,35,10,35
11,1074,2087,35,slodycze,maly,0,0,26,10,15,-16,-11,16,11
277,1136,2021,20,napoje,duzy,0,0,94,95,105,1,11,1,11
838,1066,2009,33,napoje,maly,1,1,24,20,25,-4,1,4,1
780,1010,2009,50,nabial,maly,0,1,13,25,10,12,-3,12,3
886,1126,2086,37,przekaski,maly,0,0,9,5,15,-4,6,4,6
108,1014,2052,10,przekaski,sredni,0,0,25,25,25,0,0,0,0
315,1065,2034,38,nabial,maly,0,0,22,20,20,-2,-2,2,2
857,1086,2088,19,chemia,maly,0,0,12,10,10,-2,-2,2,2
583,1066,2084,2,napoje,maly,0,0,25,25,25,0,0,0,0
799,1077,2030,4,slodycze,sredni,1,0,54,55,30,1,-24,1,24
612,1064,2042,1,przekaski,duzy,0,0,64,45,40,-19,-24,19,24
346,1085,2066,10,slodycze,maly,0,0,43,35,10,-8,-33,8,33
347,1049,2020,10,przekaski,sredni,0,0,39,30,30,-9,-9,9,9
454,1039,2050,50,slodycze,duzy,0,0,0,70,90,70,90,70,90
95,1105,2013,35,chemia,sredni,0,0,27,10,20,-17,-7,17,7
642,1071,2058,35,napoje,sredni,0,0,43,20,55,-23,12,23,12
728,1006,2016,32,chemia,maly,0,0,15,15,10,0,-5,0,5
476,1045,2064,16,nabial,maly,0,0,0,20,65,20,65,20,65
599,1081,2076,40,napoje,sredni,0,0,36,20,35,-16,-1,16,1
883,1112,2054,50,przekaski,sredni,1,0,24,50,45,26,21,26,21
856,1076,2034,50,napoje,duzy,0,0,30,110,70,80,40,80,40
537,1036,2039,7,nabial,duzy,0,1,35,65,55,30,20,30,20
407,1027,2036,11,przekaski,duzy,0,0,55,30,45,-25,-10,25,10
404,1041,2054,3,napoje,duzy,0,0,69,85,80,16,11,16,11
715,1019,2053,30,nabial,maly,0,0,7,15,20,8,13,8,13
64,1117,2036,7,nabial,duzy,0,0,26,75,90,49,64,49,64
82,1079,2040,13,chemia,maly,0,0,11,20,15,9,4,9,4
319,1069,2068,47,napoje,maly,0,0,31,30,25,-1,-6,1,6
761,1119,2043,28,slodycze,sredni,0,1,120,20,15,-100,-105,100,105
573,1008,2068,27,chemia,sredni,0,0,8,20,20,12,12,12,12
171,1031,2006,38,nabial,sredni,0,0,17,40,25,23,8,23,8
278,1078,2012,32,przekaski,maly,0,0,9,5,15,-4,6,4,6
577,1036,2064,39,nabial,dyskont,1,0,113,85,110,-28,-3,28,3
551,1075,2088,8,slodycze,sredni,0,0,34,30,30,-4,-4,4,4
374,1109,2038,25,slodycze,maly,0,0,12,25,15,13,3,13,3
726,1107,2054,7,przekaski,duzy,1,0,57,45,85,-12,28,12,28
822,1135,2089,34,napoje,sredni,0,0,17,45,45,28,28,28,28
587,1049,2046,18,napoje,duzy,1,0,121,115,180,-6,59,6,59
249,1107,2083,6,napoje,dyskont,0,0,137,180,145,43,8,43,8
300,1106,2035,22,nabial,dyskont,0,0,91,125,60,34,-31,34,31
303,1125,2001,22,napoje,dyskont,0,0,228,65,135,-163,-93,163,93
840,1053,2011,46,chemia,sredni,1,0,40,20,30,-20,-10,20,10
559,1086,2029,51,slodycze,sredni,0,0,34,35,25,1,-9,1,9
494,1074,2047,32,napoje,dyskont,0,0,0,115,60,115,60,115,60
5,1126,2042,17,napoje,sredni,0,0,36,50,50,14,14,14,14
601,1058,2010,20,chemia,sredni,0,0,36,15,15,-21,-21,21,21
565,1081,2024,35,napoje,maly,0,0,17,30,30,13,13,13,13
489,1052,2023,5,slodycze,duzy,0,0,22,35,70,13,48,13,48
512,1083,2063,28,napoje,sredni,0,0,67,25,45,-42,-22,42,22
866,1119,2004,26,nabial,dyskont,0,0,37,60,65,23,28,23,28
545,1096,2043,47,napoje,sredni,0,0,54,45,50,-9,-4,9,4
623,1077,2002,32,nabial,sredni,0,0,17,35,20,18,3,18,3
651,1065,2012,26,slodycze,maly,1,0,14,45,25,31,11,31,11
220,1086,2046,52,nabial,duzy,0,0,49,70,110,21,61,21,61
138,1090,2085,19,przekaski,dyskont,0,0,33,5,70,-28,37,28,37
810,1074,2069,48,przekaski,dyskont,0,0,89,30,70,-59,-19,59,19
828,1103,2003,3,slodycze,duzy,1,0,50,110,85,60,35,60,35
47,1034,2087,12,slodycze,sredni,1,1,14,30,25,16,11,16,11
689,1112,2035,22,chemia,sredni,0,0,23,25,40,2,17,2,17
498,1047,2041,43,napoje,sredni,0,0,87,40,45,-47,-42,47,42
351,1086,2047,32,napoje,duzy,0,0,78,25,60,-53,-18,53,18
556,1046,2054,36,napoje,maly,0,0,31,35,15,4,-16,4,16
395,1047,2032,35,slodycze,sredni,0,0,11,25,15,14,4,14,4
437,1011,2019,51,przekaski,sredni,0,1,11,25,15,14,4,14,4
566,1065,2007,4,nabial,dyskont,0,0,115,80,110,-35,-5,35,5
465,1002,2041,35,przekaski,sredni,0,0,16,35,30,19,14,19,14
456,1074,2045,35,slodycze,duzy,0,0,69,35,55,-34,-14,34,14
342,1102,2018,23,nabial,dyskont,0,0,100,70,95,-30,-5,30,5
181,1104,2039,43,slodycze,sredni,0,0,22,30,30,8,8,8,8
517,1091,2024,9,napoje,duzy,0,1,49,75,135,26,86,26,86
871,1099,2005,47,przekaski,sredni,0,0,26,10,25,-16,-1,16,1
743,1043,2076,3,napoje,duzy,0,1,73,75,45,2,-28,2,28
327,1119,2004,39,slodycze,sredni,0,0,32,30,45,-2,13,2,13
66,1057,2038,10,slodycze,maly,1,0,36,25,25,-11,-11,11,11
723,1041,2063,27,slodycze,sredni,1,0,29,40,35,11,6,11,6
170,1098,2075,18,napoje,maly,0,0,22,45,30,23,8,23,8
675,1054,2042,14,napoje,sredni,1,0,0,70,265,70,265,70,265
371,1075,2047,21,napoje,dyskont,0,0,105,80,145,-25,40,25,40
10,1026,2088,11,slodycze,sredni,0,0,47,35,20,-12,-27,12,27
687,1042,2069,28,nabial,sredni,1,0,105,70,55,-35,-50,35,50
539,1123,2001,33,slodycze,dyskont,0,0,92,40,65,-52,-27,52,27
179,1028,2059,19,slodycze,duzy,0,0,62,10,50,-52,-12,52,12
821,1059,2041,26,chemia,maly,0,0,39,10,10,-29,-29,29,29
843,1054,2079,4,chemia,sredni,0,0,16,30,25,14,9,14,9
164,1022,2062,45,chemia,dyskont,0,0,42,45,45,3,3,3,3
590,1057,2033,50,napoje,maly,0,0,17,25,35,8,18,8,18
858,1039,2084,4,slodycze,maly,1,0,41,30,20,-11,-21,11,21
532,1041,2076,31,chemia,duzy,0,0,39,25,25,-14,-14,14,14
218,1089,2024,8,chemia,maly,0,0,17,15,15,-2,-2,2,2
688,1111,2031,41,slodycze,maly,0,1,9,5,10,-4,1,4,1
592,1070,2020,16,slodycze,maly,0,0,18,25,25,7,7,7,7
741,1042,2012,19,nabial,sredni,0,0,41,40,40,-1,-1,1,1
754,1071,2039,42,slodycze,maly,0,0,7,25,15,18,8,18,8
662,1099,2083,8,nabial,maly,1,0,52,65,40,13,-12,13,12
94,1124,2002,29,przekaski,maly,0,0,16,5,15,-11,-1,11,1
309,1109,2061,2,napoje,sredni,0,0,58,55,60,-3,2,3,2
877,1081,2018,15,nabial,maly,0,0,43,30,30,-13,-13,13,13
547,1038,2073,28,slodycze,dyskont,0,0,55,75,60,20,5,20,5
703,1075,2010,1,napoje,sredni,1,0,54,15,55,-39,1,39,1
111,1063,2044,2,nabial,sredni,0,0,47,60,30,13,-17,13,17
853,1014,2070,13,przekaski,maly,0,0,21,20,15,-1,-6,1,6
704,1007,2001,3,napoje,dyskont,0,0,120,135,65,15,-55,15,55
792,1010,2036,6,przekaski,sredni,0,0,20,30,15,10,-5,10,5
121,1011,2033,7,nabial,sredni,0,0,33,30,45,-3,12,3,12
663,1077,2080,38,nabial,sredni,0,0,24,30,40,6,16,6,16
143,1132,2088,27,nabial,maly,0,0,32,10,25,-22,-7,22,7
396,1138,2039,3,nabial,maly,1,0,20,40,40,20,20,20,20
296,1028,2007,18,napoje,sredni,0,0,49,60,50,11,1,11,1
377,1103,2069,1,przekaski,duzy,1,0,75,40,65,-35,-10,35,10
717,1046,2030,50,napoje,maly,1,0,48,35,35,-13,-13,13,13
513,1038,2001,6,chemia,duzy,0,0,38,15,40,-23,2,23,2
336,1136,2056,50,slodycze,duzy,0,0,74,35,50,-39,-24,39,24
457,1095,2075,14,slodycze,maly,0,0,16,20,20,4,4,4,4
818,1099,2020,14,slodycze,maly,0,0,23,25,30,2,7,2,7
177,1114,2002,30,slodycze,duzy,0,0,38,40,15,2,-23,2,23
232,1028,2031,2,przekaski,sredni,0,0,26,30,40,4,14,4,14
302,1082,2080,28,nabial,duzy,0,0,47,55,75,8,28,8,28
777,1053,2002,39,napoje,dyskont,0,0,55,115,60,60,5,60,5
668,1134,2054,3,slodycze,duzy,1,0,67,60,115,-7,48,7,48
451,1023,2071,16,nabial,maly,0,0,24,25,20,1,-4,1,4
811,1132,2013,35,slodycze,sredni,0,0,22,25,20,3,-2,3,2
186,1016,2041,45,slodycze,sredni,0,0,14,30,35,16,21,16,21
659,1139,2079,41,slodycze,sredni,0,0,18,25,35,7,17,7,17
460,1115,2032,37,napoje,duzy,0,0,37,90,80,53,43,53,43
472,1014,2017,1,napoje,sredni,0,0,30,45,45,15,15,15,15
341,1041,2073,14,przekaski,maly,0,0,17,25,20,8,3,8,3
69,1091,2077,34,napoje,sredni,0,1,11,25,25,14,14,14,14
343,1036,2076,34,chemia,sredni,0,1,0,5,35,5,35,5,35
794,1132,2088,2,przekaski,maly,1,0,19,20,20,1,1,1,1
105,1036,2058,2,napoje,maly,0,0,17,30,30,13,13,13,13
522,1078,2024,30,chemia,duzy,0,0,22,30,35,8,13,8,13
778,1040,2083,27,nabial,maly,0,0,21,15,25,-6,4,6,4
774,1015,2031,48,napoje,sredni,1,0,50,75,60,25,10,25,10
167,1055,2025,7,napoje,duzy,0,0,42,55,115,13,73,13,73
660,1010,2077,27,nabial,maly,0,1,9,15,15,6,6,6,6
759,1030,2085,40,nabial,dyskont,0,0,85,105,75,20,-10,20,10
14,1101,2086,24,napoje,maly,0,0,19,30,30,11,11,11,11
714,1100,2046,51,chemia,maly,0,0,24,5,10,-19,-14,19,14
633,1001,2087,42,nabial,sredni,1,0,29,55,35,26,6,26,6
735,1021,2089,22,przekaski,sredni,0,0,30,30,35,0,5,0,5
224,1045,2026,34,chemia,duzy,0,0,31,30,25,-1,-6,1,6
239,1095,2075,28,nabial,duzy,0,0,55,55,65,0,10,0,10
549,1043,2067,11,nabial,duzy,1,1,69,35,100,-34,31,34,31
229,1062,2033,12,nabial,duzy,0,0,0,100,120,100,120,100,120
581,1047,2037,52,przekaski,dyskont,0,0,75,100,90,25,15,25,15
268,1039,2046,22,slodycze,dyskont,0,0,93,50,60,-43,-33,43,33
353,1076,2064,43,slodycze,duzy,0,0,33,35,45,2,12,2,12
445,1017,2070,45,napoje,sredni,0,0,52,30,50,-22,-2,22,2
631,1011,2089,6,nabial,maly,0,1,18,15,15,-3,-3,3,3
130,1072,2066,44,napoje,sredni,0,0,54,55,45,1,-9,1,9
595,1113,2045,19,napoje,maly,0,0,28,30,35,2,7,2,7
692,1004,2063,38,nabial,dyskont,0,0,22,105,85,83,63,83,63
827,1053,2075,24,przekaski,duzy,0,0,65,55,45,-10,-20,10,20
398,1112,2024,18,nabial,maly,1,0,61,30,30,-31,-31,31,31
68,1065,2060,14,chemia,duzy,0,0,28,35,40,7,12,7,12
870,1002,2071,10,napoje,maly,0,0,120,25,20,-95,-100,95,100
463,1065,2053,13,przekaski,maly,1,0,25,25,30,0,5,0,5
558,1082,2062,24,nabial,dyskont,0,0,67,80,100,13,33,13,33
836,1102,2041,23,przekaski,sredni,0,0,0,55,75,55,75,55,75
298,1083,2055,5,nabial,maly,1,0,21,55,40,34,19,34,19
408,1125,2072,49,slodycze,maly,1,0,0,25,45,25,45,25,45
242,1012,2055,25,chemia,maly,1,0,5,15,15,10,10,10,10
869,1084,2060,29,slodycze,sredni,0,0,31,30,35,-1,4,1,4
705,1060,2047,36,napoje,maly,0,0,13,25,25,12,12,12,12
737,1017,2036,2,slodycze,sredni,0,0,42,25,25,-17,-17,17,17
477,1109,2021,1,slodycze,sredni,0,0,0,50,135,50,135,50,135
666,1099,2004,22,przekaski,maly,1,0,11,5,20,-6,9,6,9
831,1133,2004,48,slodycze,maly,1,0,7,15,25,8,18,8,18
700,1075,2017,18,chemia,dyskont,0,0,104,90,40,-14,-64,14,64
455,1016,2067,43,napoje,duzy,0,0,26,85,75,59,49,59,49
435,1106,2026,26,nabial,sredni,0,0,32,20,25,-12,-7,12,7
606,1136,2081,39,slodycze,maly,0,0,8,15,10,7,2,7,2
636,1118,2070,20,slodycze,maly,0,0,24,15,15,-9,-9,9,9
680,1130,2031,26,chemia,dyskont,0,0,46,50,55,4,9,4,9
572,1002,2073,30,napoje,sredni,0,1,34,30,45,-4,11,4,11
49,1131,2040,32,slodycze,duzy,0,0,46,60,50,14,4,14,4
744,1109,2023,46,nabial,duzy,0,0,60,50,70,-10,10,10,10
417,1090,2048,20,slodycze,maly,0,0,12,5,25,-7,13,7,13
394,1083,2077,14,slodycze,sredni,0,0,31,60,40,29,9,29,9
203,1041,2069,14,slodycze,duzy,1,0,64,35,70,-29,6,29,6
732,1025,2041,28,napoje,dyskont,1,0,82,140,115,58,33,58,33
564,1127,2028,52,slodycze,duzy,0,0,45,60,55,15,10,15,10
118,1081,2042,10,przekaski,duzy,0,0,95,105,80,10,-15,10,15
447,1110,2048,9,slodycze,maly,1,0,40,25,25,-15,-15,15,15
317,1031,2060,20,napoje,maly,0,0,17,15,25,-2,8,2,8
71,1102,2039,45,slodycze,duzy,0,0,39,25,40,-14,1,14,1
320,1090,2069,31,slodycze,sredni,0,0,37,30,15,-7,-22,7,22
379,1027,2049,43,slodycze,sredni,1,0,24,60,40,36,16,36,16
21,1121,2065,34,slodycze,maly,0,1,6,15,10,9,4,9,4
470,1026,2078,17,nabial,duzy,1,0,192,135,55,-57,-137,57,137
210,1136,2016,22,nabial,maly,1,0,29,40,35,11,6,11,6
267,1079,2040,37,napoje,maly,0,1,0,20,55,20,55,20,55
576,1062,2003,11,przekaski,dyskont,0,0,69,65,70,-4,1,4,1
98,1110,2070,31,slodycze,sredni,0,0,12,45,30,33,18,33,18
90,1021,2059,43,napoje,duzy,0,1,41,45,60,4,19,4,19
172,1131,2062,32,napoje,sredni,0,0,27,50,50,23,23,23,23
471,1045,2007,38,przekaski,maly,0,0,12,25,15,13,3,13,3
474,1132,2016,26,napoje,sredni,1,0,52,20,65,-32,13,32,13
273,1096,2041,10,napoje,maly,0,0,31,40,35,9,4,9,4
329,1017,2068,1,nabial,dyskont,0,0,68,55,110,-13,42,13,42
621,1122,2018,50,napoje,dyskont,0,0,137,135,110,-2,-27,2,27
33,1110,2065,52,slodycze,sredni,0,0,16,55,20,39,4,39,4
637,1108,2076,24,chemia,maly,1,0,32,15,20,-17,-12,17,12
503,1004,2086,44,przekaski,sredni,0,0,21,20,35,-1,14,1,14
183,1099,2037,22,chemia,maly,1,0,42,25,20,-17,-22,17,22
769,1095,2062,2,nabial,maly,1,0,38,25,30,-13,-8,13,8
99,1119,2080,5,przekaski,maly,0,0,13,10,20,-3,7,3,7
509,1117,2072,6,chemia,sredni,0,0,41,15,20,-26,-21,26,21
23,1062,2018,2,przekaski,duzy,0,0,93,60,60,-33,-33,33,33
605,1039,2004,20,przekaski,sredni,1,0,58,30,40,-28,-18,28,18
39,1104,2068,32,przekaski,duzy,0,0,36,50,30,14,-6,14,6
645,1107,2054,45,przekaski,maly,0,0,33,10,15,-23,-18,23,18
96,1063,2052,1,napoje,duzy,0,0,153,75,85,-78,-68,78,68
354,1038,2076,11,przekaski,maly,0,0,30,10,20,-20,-10,20,10
548,1139,2015,1,slodycze,maly,0,1,15,5,20,-10,5,10,5
265,1009,2073,47,slodycze,maly,0,0,15,5,15,-10,0,10,0
340,1067,2017,32,napoje,sredni,0,0,35,20,50,-15,15,15,15
420,1056,2050,7,napoje,dyskont,0,0,96,120,140,24,44,24,44
86,1090,2080,23,przekaski,duzy,0,0,41,65,50,24,9,24,9
370,1035,2006,16,nabial,maly,0,0,22,35,20,13,-2,13,2
727,1053,2035,26,nabial,maly,0,0,15,15,20,0,5,0,5
270,1047,2088,6,napoje,dyskont,0,0,143,140,105,-3,-38,3,38
419,1002,2068,9,slodycze,sredni,0,0,51,45,30,-6,-21,6,21
402,1014,2081,17,przekaski,maly,0,0,0,10,35,10,35,10,35
734,1131,2041,15,przekaski,maly,0,0,20,20,20,0,0,0,0
230,1031,2021,4,nabial,dyskont,0,0,50,75,65,25,15,25,15
34,1053,2040,39,nabial,sredni,0,0,0,55,80,55,80,55,80
790,1052,2074,51,napoje,dyskont,0,0,101,125,105,24,4,24,4
708,1134,2037,33,slodycze,maly,1,0,19,35,15,16,-4,16,4
433,1076,2012,41,napoje,maly,1,1,33,20,25,-13,-8,13,8
216,1080,2048,26,napoje,duzy,1,0,0,155,480,155,480,155,480
862,1013,2077,42,napoje,sredni,0,0,89,30,25,-59,-64,59,64
365,1062,2078,30,nabial,duzy,0,0,65,65,50,0,-15,0,15
360,1068,2002,42,slodycze,dyskont,1,0,82,0,70,-82,-12,82,12
271,1043,2068,7,napoje,maly,1,0,38,40,55,2,17,2,17
848,1041,2019,9,chemia,dyskont,1,0,61,25,105,-36,44,36,44
70,1104,2007,10,nabial,duzy,0,0,77,90,55,13,-22,13,22
602,1085,2019,30,przekaski,maly,0,1,8,5,5,-3,-3,3,3
515,1008,2047,26,nabial,sredni,0,0,44,30,35,-14,-9,14,9
20,1137,2030,27,napoje,maly,1,0,59,35,30,-24,-29,24,29
580,1088,2081,52,napoje,dyskont,0,0,162,75,70,-87,-92,87,92
501,1114,2042,21,nabial,sredni,0,0,39,30,40,-9,1,9,1
189,1128,2022,3,slodycze,maly,1,0,34,25,40,-9,6,9,6
113,1088,2033,33,przekaski,maly,0,0,11,0,10,-11,-1,11,1
308,1091,2045,2,napoje,dyskont,0,0,68,65,65,-3,-3,3,3
479,1075,2072,12,przekaski,sredni,0,0,22,25,30,3,8,3,8
253,1012,2053,38,napoje,duzy,0,0,380,110,40,-270,-340,270,340
335,1004,2072,23,nabial,duzy,1,0,176,110,75,-66,-101,66,101
880,1007,2004,31,przekaski,sredni,0,0,18,65,25,47,7,47,7
44,1085,2059,12,slodycze,dyskont,0,0,36,100,80,64,44,64,44
868,1088,2081,21,przekaski,duzy,0,0,19,20,65,1,46,1,46
67,1013,2030,4,napoje,maly,0,0,0,20,90,20,90,20,90
162,1115,2043,45,napoje,duzy,0,0,87,75,30,-12,-57,12,57
725,1039,2074,46,nabial,duzy,0,0,38,50,55,12,17,12,17
844,1127,2069,50,przekaski,maly,1,0,54,30,20,-24,-34,24,34
677,1061,2037,29,nabial,maly,0,0,34,15,10,-19,-24,19,24
830,1014,2060,18,nabial,duzy,0,0,115,115,70,0,-45,0,45
789,1031,2058,28,slodycze,sredni,0,0,20,35,30,15,10,15,10
707,1115,2079,5,nabial,sredni,1,0,67,45,60,-22,-7,22,7
801,1132,2054,31,nabial,duzy,0,1,27,40,50,13,23,13,23
392,1123,2072,52,slodycze,dyskont,0,0,87,55,105,-32,18,32,18
527,1089,2024,39,przekaski,sredni,0,0,26,25,30,-1,4,1,4
764,1047,2016,52,slodycze,dyskont,0,0,110,45,75,-65,-35,65,35
140,1038,2033,22,napoje,sredni,0,0,50,50,40,0,-10,0,10
76,1106,2067,45,napoje,duzy,0,1,36,45,75,9,39,9,39
80,1041,2038,6,slodycze,sredni,0,0,74,25,25,-49,-49,49,49
535,1066,2086,10,przekaski,sredni,0,0,29,45,40,16,11,16,11
59,1097,2014,49,nabial,dyskont,0,0,87,50,85,-37,-2,37,2
614,1084,2057,21,przekaski,maly,1,1,19,15,30,-4,11,4,11
366,1030,2073,5,przekaski,duzy,0,0,26,75,50,49,24,49,24
289,1016,2084,3,napoje,maly,1,0,0,45,80,45,80,45,80
878,1127,2054,12,napoje,dyskont,0,1,47,55,60,8,13,8,13
74,1044,2064,10,nabial,duzy,0,0,94,110,55,16,-39,16,39
260,1117,2070,43,chemia,sredni,0,0,12,20,15,8,3,8,3
312,1018,2028,26,slodycze,dyskont,0,0,31,65,80,34,49,34,49
672,1031,2065,28,slodycze,sredni,0,0,41,30,40,-11,-1,11,1
217,1111,2046,47,przekaski,maly,0,0,15,15,15,0,0,0,0
292,1050,2014,31,nabial,maly,1,0,34,30,35,-4,1,4,1
227,1111,2017,47,napoje,sredni,1,0,0,45,205,45,205,45,205
468,1033,2076,44,chemia,maly,0,0,8,10,10,2,2,2,2
50,1006,2005,47,przekaski,maly,0,0,46,15,15,-31,-31,31,31
153,1124,2071,13,slodycze,duzy,0,0,154,75,55,-79,-99,79,99
650,1068,2005,39,nabial,sredni,1,0,25,35,35,10,10,10,10
482,1089,2088,46,slodycze,duzy,0,0,47,30,30,-17,-17,17,17
293,1102,2048,21,slodycze,sredni,0,0,26,10,35,-16,9,16,9
516,1045,2069,14,nabial,maly,0,0,41,25,20,-16,-21,16,21
246,1107,2060,45,przekaski,sredni,0,0,16,30,30,14,14,14,14
297,1139,2047,36,nabial,duzy,0,0,77,85,65,8,-12,8,12
250,1011,2050,31,nabial,sredni,0,0,45,50,30,5,-15,5,15
839,1124,2081,4,napoje,maly,0,0,168,25,25,-143,-143,143,143
352,1073,2025,41,chemia,sredni,1,0,25,35,25,10,0,10,0
362,1094,2078,42,slodycze,sredni,0,0,0,50,50,50,50,50,50
661,1113,2067,33,przekaski,sredni,0,0,22,25,30,3,8,3,8
414,1102,2043,9,nabial,maly,1,0,20,20,35,0,15,0,15
464,1059,2086,9,chemia,dyskont,0,0,44,65,45,21,1,21,1
48,1082,2035,46,przekaski,maly,0,0,13,5,10,-8,-3,8,3
117,1058,2078,36,nabial,maly,1,0,24,25,35,1,11,1,11
202,1068,2041,7,chemia,dyskont,0,0,50,50,75,0,25,0,25
763,1125,2088,31,nabial,duzy,0,0,39,45,80,6,41,6,41
18,1132,2080,15,napoje,sredni,0,0,19,20,55,1,36,1,36
829,1135,2034,33,chemia,sredni,0,0,31,5,15,-26,-16,26,16
625,1125,2061,48,nabial,dyskont,0,0,45,120,95,75,50,75,50
325,1066,2074,26,slodycze,dyskont,0,0,95,60,95,-35,0,35,0
26,1001,2084,31,napoje,sredni,0,0,65,25,50,-40,-15,40,15
295,1139,2004,15,przekaski,sredni,0,0,24,40,35,16,11,16,11
817,1068,2033,48,napoje,maly,1,0,34,55,30,21,-4,21,4
418,1106,2088,13,slodycze,sredni,1,0,143,70,50,-73,-93,73,93
624,1026,2014,9,napoje,duzy,0,0,0,90,245,90,245,90,245
136,1108,2019,7,napoje,maly,1,0,252,40,35,-212,-217,212,217
609,1103,2065,36,przekaski,sredni,0,0,82,35,20,-47,-62,47,62
776,1052,2026,40,slodycze,sredni,0,0,28,30,35,2,7,2,7
762,1047,2051,42,nabial,maly,0,0,22,25,20,3,-2,3,2
481,1046,2087,21,chemia,sredni,0,0,39,35,25,-4,-14,4,14
28,1015,2032,52,nabial,sredni,0,0,25,25,30,0,5,0,5
718,1003,2009,10,slodycze,maly,0,0,38,20,20,-18,-18,18,18
439,1046,2034,8,chemia,sredni,0,0,11,25,20,14,9,14,9
643,1114,2018,42,slodycze,dyskont,0,1,41,60,65,19,24,19,24
29,1075,2003,18,przekaski,sredni,0,0,0,25,75,25,75,25,75
436,1011,2010,16,przekaski,maly,1,0,31,15,20,-16,-11,16,11
413,1134,2068,16,przekaski,sredni,0,0,10,45,35,35,25,35,25
629,1112,2089,44,napoje,maly,0,0,19,25,25,6,6,6,6
542,1064,2081,4,przekaski,dyskont,0,1,71,35,55,-36,-16,36,16
334,1032,2045,36,przekaski,duzy,1,0,36,45,60,9,24,9,24
78,1002,2087,3,przekaski,sredni,0,0,27,35,30,8,3,8,3
795,1113,2001,13,nabial,duzy,0,0,0,125,145,125,145,125,145
391,1060,2026,45,slodycze,sredni,1,0,24,55,30,31,6,31,6
258,1083,2038,43,chemia,dyskont,0,0,50,35,25,-15,-25,15,25
