"","week","region","units_sold","price_unit","is_holiday_week","is_winter","promo_rate"
"1","2022-02-14","PL-Central",63,5.628,0,1,0.4
"2","2022-02-14","PL-North",78,6.37833333333333,0,1,0.166666666666667
"3","2022-02-14","PL-South",75,4.41833333333333,0,1,0
"4","2022-02-21","PL-Central",84,5.98285714285714,0,1,0.285714285714286
"5","2022-02-21","PL-South",46,5.642,0,1,0
"6","2022-02-21","PL-North",80,5.354,0,1,0.2
"7","2022-02-28","PL-South",112,5.72428571428571,0,1,0.285714285714286
"8","2022-02-28","PL-Central",70,3.92833333333333,0,1,0.166666666666667
"9","2022-02-28","PL-North",117,5.86428571428571,0,1,0.571428571428571
"10","2022-03-07","PL-Central",59,4.884,0,0,0
"11","2022-03-07","PL-North",66,5.08666666666667,0,0,0
"12","2022-03-07","PL-South",61,4.86,0,0,0.166666666666667
"13","2022-03-14","PL-South",100,5.60714285714286,0,0,0.142857142857143
"14","2022-03-14","PL-North",116,4.436,0,0,0.2
"15","2022-03-14","PL-Central",75,6.30833333333333,0,0,0
"16","2022-03-21","PL-South",124,3.45,0,0,0.166666666666667
"17","2022-03-21","PL-Central",109,6.375,0,0,0.25
"18","2022-03-21","PL-North",165,3.16857142857143,0,0,0.142857142857143
"19","2022-03-28","PL-South",128,6.24833333333333,0,0,0
"20","2022-03-28","PL-Central",147,5.50857142857143,0,0,0.142857142857143
"21","2022-03-28","PL-North",86,3.395,0,0,0
"22","2022-04-04","PL-North",59,5.905,1,0,0
"23","2022-04-04","PL-Central",117,4.892,1,0,0
"24","2022-04-04","PL-South",117,5.324,1,0,0
"25","2022-04-11","PL-Central",217,6.72285714285714,0,0,0.428571428571428
"26","2022-04-11","PL-South",118,4.42571428571429,0,0,0
"27","2022-04-11","PL-North",158,2.656,0,0,0.2
"28","2022-04-18","PL-South",239,5.21333333333333,0,0,0.5
"29","2022-04-18","PL-North",149,5.48428571428571,0,0,0.142857142857143
"30","2022-04-18","PL-Central",137,4.268,0,0,0.2
"31","2022-04-25","PL-North",124,5.30333333333333,1,0,0.166666666666667
"32","2022-04-25","PL-Central",108,5.02666666666667,1,0,0.166666666666667
"33","2022-04-25","PL-South",154,5.57142857142857,1,0,0.142857142857143
"34","2022-05-02","PL-South",99,4.465,1,0,0.25
"35","2022-05-02","PL-North",159,6.40333333333333,1,0,0
"36","2022-05-02","PL-Central",153,5.47571428571429,1,0,0.285714285714286
"37","2022-05-09","PL-Central",73,4.768,0,0,0
"38","2022-05-09","PL-South",149,5.39285714285714,0,0,0.142857142857143
"39","2022-05-09","PL-North",172,5.995,0,0,0.166666666666667
"40","2022-05-16","PL-Central",83,5.455,0,0,0.25
"41","2022-05-16","PL-South",144,5.85,0,0,0.142857142857143
"42","2022-05-16","PL-North",94,5.558,0,0,0.2
"43","2022-05-23","PL-Central",108,6.39666666666667,0,0,0
"44","2022-05-23","PL-North",248,5.90142857142857,0,0,0.285714285714286
"45","2022-05-23","PL-South",154,5.19,0,0,0
"46","2022-05-30","PL-Central",126,4.21166666666667,0,0,0
"47","2022-05-30","PL-North",138,6.27571428571429,0,0,0
"48","2022-05-30","PL-South",157,5.815,0,0,0
"49","2022-06-06","PL-Central",153,4.19,0,0,0
"50","2022-06-06","PL-North",184,4.22,0,0,0.166666666666667
"51","2022-06-06","PL-South",171,3.87666666666667,0,0,0.166666666666667
"52","2022-06-13","PL-Central",153,5.05166666666667,0,0,0
"53","2022-06-13","PL-North",223,7.44833333333333,0,0,0.5
"54","2022-06-13","PL-South",129,7.28666666666667,0,0,0
"55","2022-06-20","PL-Central",109,4.59,0,0,0
"56","2022-06-20","PL-North",72,6.48,0,0,0
"57","2022-06-20","PL-South",223,5.03571428571429,0,0,0.285714285714286
"58","2022-06-27","PL-North",184,5.47714285714286,0,0,0.142857142857143
"59","2022-06-27","PL-Central",168,4.70166666666667,0,0,0
"60","2022-06-27","PL-South",153,6.18,0,0,0.333333333333333
"61","2022-07-04","PL-North",182,5.36833333333333,0,0,0.166666666666667
"62","2022-07-04","PL-South",245,4.16857142857143,0,0,0.142857142857143
"63","2022-07-04","PL-Central",172,4.54166666666667,0,0,0.333333333333333
"64","2022-07-11","PL-Central",104,5.48,0,0,0
"65","2022-07-11","PL-North",128,5.60333333333333,0,0,0.166666666666667
"66","2022-07-11","PL-South",153,4.98142857142857,0,0,0
"67","2022-07-18","PL-Central",93,4.288,0,0,0
"68","2022-07-18","PL-South",166,5.81,0,0,0.2
"69","2022-07-18","PL-North",218,4.79,0,0,0.333333333333333
"70","2022-07-25","PL-South",86,5.745,0,0,0
"71","2022-07-25","PL-Central",162,4.85166666666667,0,0,0.333333333333333
"72","2022-07-25","PL-North",117,5.444,0,0,0
"73","2022-08-01","PL-North",140,5.61285714285714,0,0,0
"74","2022-08-01","PL-Central",102,4.165,0,0,0
"75","2022-08-01","PL-South",138,5.23,0,0,0.333333333333333
"76","2022-08-08","PL-Central",175,4.33571428571429,0,0,0.285714285714286
"77","2022-08-08","PL-North",125,4.83166666666667,0,0,0.5
"78","2022-08-08","PL-South",101,6.25,0,0,0.142857142857143
"79","2022-08-15","PL-Central",73,3.954,0,0,0
"80","2022-08-15","PL-North",79,5.706,0,0,0
"81","2022-08-15","PL-South",96,6.18285714285714,0,0,0
"82","2022-08-22","PL-South",129,6.58142857142857,0,0,0
"83","2022-08-22","PL-North",104,4.064,0,0,0.2
"84","2022-08-22","PL-Central",94,5.85166666666667,0,0,0
"85","2022-08-29","PL-South",163,5.11333333333333,0,0,0.333333333333333
"86","2022-08-29","PL-Central",84,6.114,0,0,0.2
"87","2022-08-29","PL-North",141,5.28428571428571,0,0,0
"88","2022-09-05","PL-South",78,6.58333333333333,0,0,0.166666666666667
"89","2022-09-05","PL-North",140,5.68333333333333,0,0,0.166666666666667
"90","2022-09-05","PL-Central",85,5.422,0,0,0
"91","2022-09-12","PL-South",172,5.97142857142857,0,0,0.428571428571428
"92","2022-09-12","PL-Central",64,4.91,0,0,0
"93","2022-09-12","PL-North",58,4.16,0,0,0
"94","2022-09-19","PL-North",103,5.622,0,0,0.2
"95","2022-09-19","PL-South",115,6.86857142857143,0,0,0.142857142857143
"96","2022-09-19","PL-Central",76,4.23166666666667,0,0,0
"97","2022-09-26","PL-Central",80,5.65833333333333,0,0,0.166666666666667
"98","2022-09-26","PL-South",127,5.735,0,0,0.166666666666667
"99","2022-09-26","PL-North",73,5.28,0,0,0
"100","2022-10-03","PL-Central",121,4.29142857142857,0,0,0.142857142857143
"101","2022-10-03","PL-North",95,4.84285714285714,0,0,0.142857142857143
"102","2022-10-03","PL-South",139,4.66428571428571,0,0,0.142857142857143
"103","2022-10-10","PL-Central",83,5.135,0,0,0.333333333333333
"104","2022-10-10","PL-South",99,5.55,0,0,0.2
"105","2022-10-10","PL-North",115,4.71142857142857,0,0,0
"106","2022-10-17","PL-South",103,5.894,0,0,0
"107","2022-10-17","PL-Central",104,4.905,0,0,0.166666666666667
"108","2022-10-17","PL-North",128,5.25,0,0,0.142857142857143
"109","2022-10-24","PL-South",98,4.778,1,0,0.2
"110","2022-10-24","PL-North",117,3.91714285714286,1,0,0
"111","2022-10-24","PL-Central",112,5.91666666666667,1,0,0.166666666666667
"112","2022-10-31","PL-South",56,5.666,1,0,0
"113","2022-10-31","PL-North",70,5.2,1,0,0
"114","2022-10-31","PL-Central",89,6.45166666666667,1,0,0.166666666666667
"115","2022-11-07","PL-South",54,5.994,0,0,0
"116","2022-11-07","PL-Central",100,5.83666666666667,0,0,0.166666666666667
"117","2022-11-07","PL-North",131,5.89,0,0,0.333333333333333
"118","2022-11-14","PL-North",99,6.55166666666667,0,0,0
"119","2022-11-14","PL-Central",110,5.18333333333333,0,0,0.166666666666667
"120","2022-11-14","PL-South",97,4.64285714285714,0,0,0.285714285714286
"121","2022-11-21","PL-Central",174,7.10714285714286,0,0,0.142857142857143
"122","2022-11-21","PL-North",149,7.00666666666667,0,0,0.333333333333333
"123","2022-11-21","PL-South",97,4.705,0,0,0.166666666666667
"124","2022-11-28","PL-South",131,4.7,0,0,0.666666666666667
"125","2022-11-28","PL-Central",81,5.366,0,0,0
"126","2022-11-28","PL-North",64,5.076,0,0,0
"127","2022-12-05","PL-Central",79,4.3,0,1,0
"128","2022-12-05","PL-South",112,4.68285714285714,0,1,0.142857142857143
"129","2022-12-05","PL-North",161,6.20428571428571,0,1,0.142857142857143
"130","2022-12-12","PL-Central",121,5.89285714285714,0,1,0.285714285714286
"131","2022-12-12","PL-North",76,6.03,0,1,0.2
"132","2022-12-12","PL-South",91,5.20333333333333,0,1,0.166666666666667
"133","2022-12-19","PL-South",76,4.88,1,1,0.2
"134","2022-12-19","PL-North",86,4.71333333333333,1,1,0
"135","2022-12-19","PL-Central",52,4.546,1,1,0
"136","2022-12-26","PL-South",39,6.06,1,1,0.2
"137","2022-12-26","PL-North",114,6.82333333333333,1,1,0.5
"138","2022-12-26","PL-Central",96,5.89833333333333,1,1,0.166666666666667
"139","2023-01-02","PL-Central",93,5.01,0,1,0
"140","2023-01-02","PL-North",94,4.925,0,1,0.166666666666667
"141","2023-01-02","PL-South",97,5.82166666666667,0,1,0
"142","2023-01-09","PL-North",87,5.72333333333333,0,1,0
"143","2023-01-09","PL-South",122,5.02833333333333,0,1,0.166666666666667
"144","2023-01-09","PL-Central",100,6.64,0,1,0.142857142857143
"145","2023-01-16","PL-South",108,5.03833333333333,0,1,0.166666666666667
"146","2023-01-16","PL-North",107,4.106,0,1,0.4
"147","2023-01-16","PL-Central",94,5.63666666666667,0,1,0.166666666666667
"148","2023-01-23","PL-Central",84,5.88285714285714,0,1,0.142857142857143
"149","2023-01-23","PL-North",91,5.85666666666667,0,1,0.166666666666667
"150","2023-01-23","PL-South",78,4.91166666666667,0,1,0.333333333333333
"151","2023-01-30","PL-North",68,4.54166666666667,0,1,0
"152","2023-01-30","PL-South",83,5.494,0,1,0.2
"153","2023-01-30","PL-Central",76,6.64833333333333,0,1,0
"154","2023-02-06","PL-South",93,5.64833333333333,0,1,0.333333333333333
"155","2023-02-06","PL-Central",62,4.28,0,1,0.25
"156","2023-02-06","PL-North",74,6.07857142857143,0,1,0
"157","2023-02-13","PL-South",92,4.67571428571429,0,1,0.142857142857143
"158","2023-02-13","PL-Central",67,5.0125,0,1,0.5
"159","2023-02-13","PL-North",43,4.7875,0,1,0
"160","2023-02-20","PL-South",124,6.33142857142857,0,1,0.285714285714286
"161","2023-02-20","PL-Central",71,4.87,0,1,0
"162","2023-02-20","PL-North",101,5.37,0,1,0.333333333333333
"163","2023-02-27","PL-South",71,4.46,0,1,0.2
"164","2023-02-27","PL-North",95,6.82714285714286,0,1,0.142857142857143
"165","2023-02-27","PL-Central",110,4.41,0,1,0
"166","2023-03-06","PL-Central",79,7.15833333333333,0,0,0
"167","2023-03-06","PL-North",87,5.37142857142857,0,0,0
"168","2023-03-06","PL-South",78,4.61857142857143,0,0,0
"169","2023-03-13","PL-North",94,5.62571428571429,0,0,0
"170","2023-03-13","PL-Central",77,5.266,0,0,0
"171","2023-03-13","PL-South",40,5.665,0,0,0.25
"172","2023-03-20","PL-Central",53,5.2675,0,0,0.5
"173","2023-03-20","PL-South",103,4.60428571428571,0,0,0.428571428571428
"174","2023-03-20","PL-North",69,4.225,0,0,0.333333333333333
"175","2023-03-27","PL-North",73,4.84428571428572,0,0,0.142857142857143
"176","2023-03-27","PL-Central",84,5.01666666666667,0,0,0
"177","2023-03-27","PL-South",103,5.68714285714286,0,0,0.142857142857143
"178","2023-04-03","PL-North",79,5.17,1,0,0.166666666666667
"179","2023-04-03","PL-Central",108,4.55333333333333,1,0,0.333333333333333
"180","2023-04-03","PL-South",81,6.38666666666667,1,0,0
"181","2023-04-10","PL-South",75,5.19333333333333,0,0,0.166666666666667
"182","2023-04-10","PL-North",96,7.026,0,0,0.4
"183","2023-04-10","PL-Central",115,4.49857142857143,0,0,0.142857142857143
"184","2023-04-17","PL-North",72,5.332,0,0,0
"185","2023-04-17","PL-South",88,4.73428571428571,0,0,0
"186","2023-04-17","PL-Central",94,6.28,0,0,0.2
"187","2023-04-24","PL-Central",115,4.18,1,0,0.142857142857143
"188","2023-04-24","PL-South",99,5.938,1,0,0.4
"189","2023-04-24","PL-North",102,5.09142857142857,1,0,0.142857142857143
"190","2023-05-01","PL-South",87,6.04,1,0,0
"191","2023-05-01","PL-Central",66,4.596,1,0,0.2
"192","2023-05-01","PL-North",109,4.88166666666667,1,0,0
"193","2023-05-08","PL-Central",57,5.65333333333333,0,0,0
"194","2023-05-08","PL-North",65,4.06166666666667,0,0,0.166666666666667
"195","2023-05-08","PL-South",95,6.20857142857143,0,0,0
"196","2023-05-15","PL-North",141,6.34571428571429,0,0,0.285714285714286
"197","2023-05-15","PL-Central",129,4.42857142857143,0,0,0.285714285714286
"198","2023-05-15","PL-South",108,3.77,0,0,0.333333333333333
"199","2023-05-22","PL-North",70,6.28666666666667,0,0,0
"200","2023-05-22","PL-South",80,5.552,0,0,0.2
"201","2023-05-22","PL-Central",72,5.86333333333333,0,0,0
"202","2023-05-29","PL-Central",81,4.10333333333333,0,0,0
"203","2023-05-29","PL-South",91,3.64166666666667,0,0,0
"204","2023-05-29","PL-North",51,5.034,0,0,0
"205","2023-06-05","PL-North",104,6.01833333333333,0,0,0.166666666666667
"206","2023-06-05","PL-Central",87,4.572,0,0,0.2
"207","2023-06-05","PL-South",130,5.76571428571429,0,0,0
"208","2023-06-12","PL-Central",72,4.8125,0,0,0
"209","2023-06-12","PL-North",99,4.75666666666667,0,0,0.166666666666667
"210","2023-06-12","PL-South",71,4.27333333333333,0,0,0
"211","2023-06-19","PL-South",75,6.175,0,0,0.166666666666667
"212","2023-06-19","PL-North",91,5.34571428571429,0,0,0.142857142857143
"213","2023-06-19","PL-Central",81,5.635,0,0,0
"214","2023-06-26","PL-Central",116,4.82285714285714,0,0,0
"215","2023-06-26","PL-North",141,5.82,0,0,0.142857142857143
"216","2023-06-26","PL-South",110,6.43,0,0,0.142857142857143
"217","2023-07-03","PL-Central",78,5.24166666666667,0,0,0
"218","2023-07-03","PL-North",80,4.57833333333333,0,0,0.166666666666667
"219","2023-07-03","PL-South",154,6.16142857142857,0,0,0.571428571428571
"220","2023-07-10","PL-South",79,4.335,0,0,0
"221","2023-07-10","PL-Central",132,5.59428571428571,0,0,0.142857142857143
"222","2023-07-10","PL-North",57,5.125,0,0,0
"223","2023-07-17","PL-North",73,3.97,0,0,0.2
"224","2023-07-17","PL-South",128,6.77285714285714,0,0,0.142857142857143
"225","2023-07-17","PL-Central",122,3.82428571428571,0,0,0.428571428571428
"226","2023-07-24","PL-South",88,5.345,0,0,0
"227","2023-07-24","PL-Central",88,6.38333333333333,0,0,0.166666666666667
"228","2023-07-24","PL-North",133,3.965,0,0,0.333333333333333
"229","2023-07-31","PL-Central",66,4.268,0,0,0.2
"230","2023-07-31","PL-South",104,5.01571428571429,0,0,0.142857142857143
"231","2023-07-31","PL-North",71,4.81,0,0,0.166666666666667
"232","2023-08-07","PL-South",119,7.03,0,0,0
"233","2023-08-07","PL-North",46,5.9125,0,0,0.25
"234","2023-08-07","PL-Central",120,5.07857142857143,0,0,0.142857142857143
"235","2023-08-14","PL-North",142,5.21714285714286,0,0,0
"236","2023-08-14","PL-Central",124,6.20333333333333,0,0,0.166666666666667
"237","2023-08-14","PL-South",126,6.65571428571429,0,0,0.142857142857143
"238","2023-08-21","PL-South",124,6.312,0,0,0.2
"239","2023-08-21","PL-North",106,3.67,0,0,0.2
"240","2023-08-21","PL-Central",81,5.426,0,0,0.4
"241","2023-08-28","PL-North",106,6.77,0,0,0.142857142857143
"242","2023-08-28","PL-South",102,5.39857142857143,0,0,0.142857142857143
"243","2023-08-28","PL-Central",105,5.148,0,0,0.4
"244","2023-09-04","PL-North",110,4.685,0,0,0.333333333333333
"245","2023-09-04","PL-South",106,6.08285714285714,0,0,0
"246","2023-09-04","PL-Central",91,5.67333333333333,0,0,0.166666666666667
"247","2023-09-11","PL-Central",85,5.03,0,0,0.142857142857143
"248","2023-09-11","PL-North",116,6.59714285714286,0,0,0.142857142857143
"249","2023-09-11","PL-South",69,5.035,0,0,0
"250","2023-09-18","PL-South",86,5.47428571428571,0,0,0
"251","2023-09-18","PL-Central",72,3.362,0,0,0.2
"252","2023-09-18","PL-North",89,6.13,0,0,0.4
"253","2023-09-25","PL-North",113,5.94428571428571,0,0,0.142857142857143
"254","2023-09-25","PL-Central",57,4.445,0,0,0.166666666666667
"255","2023-09-25","PL-South",101,4.49,0,0,0.285714285714286
"256","2023-10-02","PL-North",26,5.25,0,0,0
"257","2023-10-02","PL-South",95,5.87285714285714,0,0,0.285714285714286
"258","2023-10-02","PL-Central",79,5.25428571428571,0,0,0.428571428571428
"259","2023-10-09","PL-South",122,5.60714285714286,0,0,0
"260","2023-10-09","PL-Central",83,5.552,0,0,0.2
"261","2023-10-09","PL-North",101,4.37857142857143,0,0,0.285714285714286
"262","2023-10-16","PL-South",92,4.8,0,0,0
"263","2023-10-16","PL-Central",59,6.72,0,0,0
"264","2023-10-16","PL-North",92,3.84,0,0,0.333333333333333
"265","2023-10-23","PL-South",119,5.68714285714286,0,0,0.428571428571428
"266","2023-10-23","PL-Central",80,6.5625,0,0,0.25
"267","2023-10-23","PL-North",72,3.914,0,0,0.2
"268","2023-10-30","PL-North",90,5.08142857142857,1,0,0
"269","2023-10-30","PL-Central",71,6.57833333333333,1,0,0.166666666666667
"270","2023-10-30","PL-South",67,5.59833333333333,1,0,0
"271","2023-11-06","PL-South",86,6.00166666666667,0,0,0.166666666666667
"272","2023-11-06","PL-Central",81,4.36857142857143,0,0,0.142857142857143
"273","2023-11-06","PL-North",92,5.09333333333333,0,0,0.166666666666667
"274","2023-11-13","PL-North",64,3.83714285714286,0,0,0.142857142857143
"275","2023-11-13","PL-South",83,4.49166666666667,0,0,0.166666666666667
"276","2023-11-13","PL-Central",94,6.035,0,0,0.166666666666667
"277","2023-11-20","PL-South",54,3.96,0,0,0
"278","2023-11-20","PL-Central",59,5.636,0,0,0.2
"279","2023-11-20","PL-North",86,5.48428571428571,0,0,0.142857142857143
"280","2023-11-27","PL-Central",88,4.35666666666667,0,0,0.166666666666667
"281","2023-11-27","PL-North",98,6.94166666666667,0,0,0
"282","2023-11-27","PL-South",81,5.32833333333333,0,0,0.166666666666667
"283","2023-12-04","PL-North",79,4.85714285714286,0,1,0
"284","2023-12-04","PL-South",96,6.042,0,1,0.4
"285","2023-12-04","PL-Central",74,5.94428571428571,0,1,0.142857142857143
"286","2023-12-11","PL-North",70,4.062,0,1,0
"287","2023-12-11","PL-South",99,5.45833333333333,0,1,0.5
"288","2023-12-11","PL-Central",90,5.33166666666667,0,1,0.166666666666667
"289","2023-12-18","PL-South",72,4.31166666666667,1,1,0.333333333333333
"290","2023-12-18","PL-Central",59,5.278,1,1,0
"291","2023-12-18","PL-North",103,5.38428571428571,1,1,0.142857142857143
"292","2023-12-25","PL-Central",83,5.07428571428571,1,1,0.142857142857143
"293","2023-12-25","PL-South",60,3.95666666666667,1,1,0
"294","2023-12-25","PL-North",69,4.92714285714286,1,1,0
"295","2024-01-01","PL-North",67,6.29833333333333,0,1,0.166666666666667
"296","2024-01-01","PL-Central",81,3.49142857142857,0,1,0.142857142857143
"297","2024-01-01","PL-South",61,3.914,0,1,0.2
"298","2024-01-08","PL-Central",113,3.604,0,1,0.2
"299","2024-01-08","PL-North",62,5.06666666666667,0,1,0
"300","2024-01-08","PL-South",75,5.295,0,1,0.166666666666667
"301","2024-01-15","PL-Central",45,7.43666666666667,0,1,0
"302","2024-01-15","PL-South",97,5.56571428571429,0,1,0.285714285714286
"303","2024-01-15","PL-North",21,6.5625,0,1,0
"304","2024-01-22","PL-North",66,4.35571428571429,0,1,0.142857142857143
"305","2024-01-22","PL-South",82,5.67,0,1,0.285714285714286
"306","2024-01-22","PL-Central",79,6.94333333333333,0,1,0.166666666666667
"307","2024-01-29","PL-South",82,4.11857142857143,0,1,0
"308","2024-01-29","PL-Central",92,4.62333333333333,0,1,0.333333333333333
"309","2024-01-29","PL-North",63,6.14166666666667,0,1,0.166666666666667
"310","2024-02-05","PL-North",87,4.91666666666667,0,1,0
"311","2024-02-05","PL-South",60,5.266,0,1,0
"312","2024-02-05","PL-Central",50,4.908,0,1,0.2
"313","2024-02-12","PL-South",99,5.52714285714286,0,1,0
"314","2024-02-12","PL-North",65,5.118,0,1,0.2
"315","2024-02-12","PL-Central",109,6.35857142857143,0,1,0.285714285714286
"316","2024-02-19","PL-North",124,5.86714285714286,0,1,0.142857142857143
"317","2024-02-19","PL-Central",45,5.398,0,1,0
"318","2024-02-19","PL-South",76,6.73142857142857,0,1,0
"319","2024-02-26","PL-North",116,4.44,0,1,0.5
"320","2024-02-26","PL-South",54,5.166,0,1,0
"321","2024-02-26","PL-Central",51,6.15166666666667,0,1,0
"322","2024-03-04","PL-South",111,5.32833333333333,0,0,0.5
"323","2024-03-04","PL-Central",92,6.51714285714286,0,0,0.142857142857143
"324","2024-03-04","PL-North",40,6.09666666666667,0,0,0.333333333333333
"325","2024-03-11","PL-North",103,4.62666666666667,0,0,0.333333333333333
"326","2024-03-11","PL-Central",71,5.65166666666667,0,0,0
"327","2024-03-11","PL-South",75,4.23666666666667,0,0,0
"328","2024-03-18","PL-North",124,6.285,0,0,0.333333333333333
"329","2024-03-18","PL-South",76,4.64333333333333,0,0,0.166666666666667
"330","2024-03-18","PL-Central",72,5.32666666666667,0,0,0.166666666666667
"331","2024-03-25","PL-South",122,4.91857142857143,0,0,0.142857142857143
"332","2024-03-25","PL-North",80,4.87142857142857,0,0,0
"333","2024-03-25","PL-Central",50,5.43285714285714,0,0,0
"334","2024-04-01","PL-Central",72,3.54333333333333,1,0,0
"335","2024-04-01","PL-North",146,5.24142857142857,1,0,0.285714285714286
"336","2024-04-01","PL-South",95,6.04285714285714,1,0,0
"337","2024-04-08","PL-Central",101,5.91666666666667,0,0,0
"338","2024-04-08","PL-South",89,5.24666666666667,0,0,0.166666666666667
"339","2024-04-08","PL-North",74,5.49,0,0,0
"340","2024-04-15","PL-North",82,4.87666666666667,0,0,0.166666666666667
"341","2024-04-15","PL-Central",110,5.34285714285714,0,0,0.142857142857143
"342","2024-04-15","PL-South",82,4.94,0,0,0
"343","2024-04-22","PL-South",89,6.01,0,0,0.142857142857143
"344","2024-04-22","PL-North",99,6.03833333333333,0,0,0.166666666666667
"345","2024-04-22","PL-Central",143,5.10142857142857,0,0,0.428571428571428
"346","2024-04-29","PL-Central",98,6.31166666666667,1,0,0
"347","2024-04-29","PL-North",112,4.15,1,0,0.4
"348","2024-04-29","PL-South",101,5.15,1,0,0
"349","2024-05-06","PL-North",71,6.57,0,0,0
"350","2024-05-06","PL-Central",92,6.13833333333333,0,0,0
"351","2024-05-06","PL-South",124,5.17166666666667,0,0,0.5
"352","2024-05-13","PL-North",68,4.056,0,0,0.2
"353","2024-05-13","PL-South",45,5.604,0,0,0
"354","2024-05-13","PL-Central",60,5.634,0,0,0.2
"355","2024-05-20","PL-South",121,6.15714285714286,0,0,0
"356","2024-05-20","PL-North",81,6.266,0,0,0.2
"357","2024-05-20","PL-Central",75,5.67833333333333,0,0,0.166666666666667
"358","2024-05-27","PL-North",62,5.686,0,0,0
"359","2024-05-27","PL-Central",116,4.08285714285714,0,0,0.142857142857143
"360","2024-05-27","PL-South",70,3.31666666666667,0,0,0
"361","2024-06-03","PL-North",100,4.92166666666667,0,0,0
"362","2024-06-03","PL-Central",128,4.765,0,0,0.333333333333333
"363","2024-06-03","PL-South",91,5.29166666666667,0,0,0
"364","2024-06-10","PL-Central",101,6.755,0,0,0.166666666666667
"365","2024-06-10","PL-South",102,4.83142857142857,0,0,0
"366","2024-06-10","PL-North",97,4.835,0,0,0
"367","2024-06-17","PL-South",58,5.24333333333333,0,0,0.166666666666667
"368","2024-06-17","PL-North",146,4.79571428571429,0,0,0.142857142857143
"369","2024-06-17","PL-Central",106,6.12428571428571,0,0,0.142857142857143
"370","2024-06-24","PL-North",112,6.91,0,0,0.142857142857143
"371","2024-06-24","PL-Central",98,5.57,0,0,0.166666666666667
"372","2024-06-24","PL-South",84,4.83666666666667,0,0,0.166666666666667
"373","2024-07-01","PL-Central",87,4.796,0,0,0
"374","2024-07-01","PL-South",68,5.598,0,0,0
"375","2024-07-01","PL-North",78,4.71,0,0,0.2
"376","2024-07-08","PL-North",128,5.22857142857143,0,0,0.285714285714286
"377","2024-07-08","PL-Central",137,4.32714285714286,0,0,0.428571428571428
"378","2024-07-08","PL-South",105,5.59,0,0,0
"379","2024-07-15","PL-Central",123,6.662,0,0,0.2
"380","2024-07-15","PL-North",81,5.164,0,0,0.2
"381","2024-07-15","PL-South",65,4.74166666666667,0,0,0
"382","2024-07-22","PL-North",90,5.51333333333333,0,0,0.166666666666667
"383","2024-07-22","PL-Central",155,6.27714285714286,0,0,0.285714285714286
"384","2024-07-22","PL-South",137,3.64666666666667,0,0,0.166666666666667
"385","2024-07-29","PL-South",68,6.59833333333333,0,0,0
"386","2024-07-29","PL-North",75,5.396,0,0,0.2
"387","2024-07-29","PL-Central",46,2.73,0,0,0
"388","2024-08-05","PL-Central",76,5.535,0,0,0.166666666666667
"389","2024-08-05","PL-South",103,5.58,0,0,0.4
"390","2024-08-05","PL-North",64,4.342,0,0,0
"391","2024-08-12","PL-North",107,4.556,0,0,0.2
"392","2024-08-12","PL-South",95,3.824,0,0,0.2
"393","2024-08-12","PL-Central",76,6.002,0,0,0.2
"394","2024-08-19","PL-South",98,5.43,0,0,0
"395","2024-08-19","PL-Central",165,4.915,0,0,0.5
"396","2024-08-19","PL-North",66,5.93333333333333,0,0,0.166666666666667
"397","2024-08-26","PL-South",96,4.945,0,0,0.166666666666667
"398","2024-08-26","PL-Central",69,8.012,0,0,0
"399","2024-08-26","PL-North",74,3.566,0,0,0.2
"400","2024-09-02","PL-North",99,5.60166666666667,0,0,0.166666666666667
"401","2024-09-02","PL-South",75,4.06333333333333,0,0,0.166666666666667
"402","2024-09-02","PL-Central",127,5.65142857142857,0,0,0.285714285714286
"403","2024-09-09","PL-North",108,4.25,0,0,0.166666666666667
"404","2024-09-09","PL-South",76,5.024,0,0,0
"405","2024-09-09","PL-Central",67,4.648,0,0,0.2
"406","2024-09-16","PL-South",80,3.56833333333333,0,0,0
"407","2024-09-16","PL-North",62,5.24666666666667,0,0,0
"408","2024-09-16","PL-Central",86,6.29428571428571,0,0,0.142857142857143
"409","2024-09-23","PL-South",100,5.73428571428571,0,0,0
"410","2024-09-23","PL-Central",94,5.515,0,0,0.166666666666667
"411","2024-09-23","PL-North",111,6.15571428571429,0,0,0.142857142857143
"412","2024-09-30","PL-North",78,7.50142857142857,0,0,0.285714285714286
"413","2024-09-30","PL-Central",118,5.76142857142857,0,0,0.142857142857143
"414","2024-09-30","PL-South",78,5.91166666666667,0,0,0
"415","2024-10-07","PL-South",121,4.785,0,0,0.333333333333333
"416","2024-10-07","PL-Central",54,4.044,0,0,0
"417","2024-10-07","PL-North",94,4.21428571428571,0,0,0.142857142857143
"418","2024-10-14","PL-South",93,4.49833333333333,0,0,0.166666666666667
"419","2024-10-14","PL-North",86,4.77833333333333,0,0,0.166666666666667
"420","2024-10-14","PL-Central",74,5.33166666666667,0,0,0.166666666666667
"421","2024-10-21","PL-Central",60,5.42,0,0,0
"422","2024-10-21","PL-North",92,5.99833333333333,0,0,0.333333333333333
"423","2024-10-21","PL-South",60,6.234,0,0,0
"424","2024-10-28","PL-Central",105,5.25857142857143,1,0,0.142857142857143
"425","2024-10-28","PL-North",89,5.54333333333333,1,0,0
"426","2024-10-28","PL-South",103,4.255,1,0,0.166666666666667
"427","2024-11-04","PL-Central",92,3.62,0,0,0.166666666666667
"428","2024-11-04","PL-North",81,3.605,0,0,0
"429","2024-11-04","PL-South",95,4.41714285714286,0,0,0.142857142857143
"430","2024-11-11","PL-North",87,5.57428571428571,0,0,0
"431","2024-11-11","PL-Central",71,5.33166666666667,0,0,0.166666666666667
"432","2024-11-11","PL-South",70,6.284,0,0,0.2
"433","2024-11-18","PL-Central",74,5.96714285714286,0,0,0
"434","2024-11-18","PL-North",44,4.35,0,0,0
"435","2024-11-18","PL-South",58,4.82166666666667,0,0,0.166666666666667
"436","2024-11-25","PL-South",107,5.71,0,0,0.166666666666667
"437","2024-11-25","PL-Central",109,4.96714285714286,0,0,0.142857142857143
"438","2024-11-25","PL-North",64,6.77166666666667,0,0,0.166666666666667
"439","2024-12-02","PL-North",52,6.546,0,1,0
"440","2024-12-02","PL-South",73,5.88833333333333,0,1,0.166666666666667
"441","2024-12-02","PL-Central",60,5.435,0,1,0.166666666666667
"442","2024-12-09","PL-Central",77,5.47833333333333,0,1,0.333333333333333
"443","2024-12-09","PL-North",45,5.564,0,1,0.2
"444","2024-12-09","PL-South",65,5.284,0,1,0.2
"445","2024-12-16","PL-North",102,5.02833333333333,1,1,0.333333333333333
"446","2024-12-16","PL-Central",114,3.27666666666667,1,1,0.333333333333333
"447","2024-12-16","PL-South",93,6.24714285714286,1,1,0
"448","2024-12-23","PL-Central",103,5.29857142857143,1,1,0.142857142857143
"449","2024-12-23","PL-South",46,4.77,1,1,0.333333333333333
